,Compound,Negative,Neutral,Positive,Source,Tweet Date,Tweet Text,Tweets Ago
0,0.0,0.0,0.0,0.0,@BBC,2018-06-08 20:49:16,@localnotail @TheStephenRalph @afneil @bbcthisweek @BBC @10DowningStreet We all all understood what it meant the peoples vote was in 2016,1
1,0.0,0.0,0.0,0.0,@BBC,2018-06-08 20:49:04,turkish police  and students @ZDF @BBC @VOXde @EUDelegationTur @eu https://t.co/tLEDcIaoQ1,2
2,0.8271,0.0,0.0,0.293,@BBC,2018-06-08 20:48:59,RT @NijaActivist: Finally this Sars Guy got to my best friend today #EndSars Story so long but I‚Äôm glad he‚Äôs Out @segalink @BBCBreaking @BB‚Ä¶,3
3,0.8658,0.0,0.0,0.373,@BBC,2018-06-08 20:48:58,RT @mr_chambers_: Dear @BBC #TraceyBreaksTheNews isn‚Äôt funny or entertaining. Please take it off air or give us all a big licence rebate -‚Ä¶,4
4,-0.6783,0.358,0.358,0.0,@BBC,2018-06-08 20:48:50,RT @destayo67: @NijaActivist @segalink @BBCBreaking @BBC @CNN When will this madness stop?,5
5,0.0,0.0,0.0,0.0,@BBC,2018-06-08 20:48:35,"RT @uBeRToKS: @NijaActivist @segalink @BBCBreaking @BBC @CNN In saner climes, @YomiShogunle  would have been booted, but for the sake of co‚Ä¶",6
6,0.7739,0.0,0.0,0.296,@BBC,2018-06-08 20:48:27,@Hull_Patriot @TheStephenRalph @afneil @bbcthisweek @BBC @10DowningStreet LOL ü§£ more and more people are‚Ä¶ https://t.co/0G44nASupv,7
7,-0.6783,0.411,0.411,0.0,@BBC,2018-06-08 20:48:16,@NijaActivist @segalink @BBCBreaking @BBC @CNN When will this madness stop?,8
8,0.0,0.0,0.0,0.0,@BBC,2018-06-08 20:48:02,RT @NeilKenny10: @EB1caneyeB @Otto_English @MIkef45 @BBC You don‚Äôt need any more funding if the BBC puts you on TV every night! And they do‚Ä¶,9
9,0.4404,0.074,0.074,0.187,@BBC,2018-06-08 20:47:52,RT @NijaActivist: @MideBhadmus @segalink @BBCBreaking @BBC @CNN Like they stopped me twice before this year and we all joked about it. I do‚Ä¶,10
10,0.8271,0.0,0.0,0.293,@BBC,2018-06-08 20:47:50,RT @NijaActivist: Finally this Sars Guy got to my best friend today #EndSars Story so long but I‚Äôm glad he‚Äôs Out @segalink @BBCBreaking @BB‚Ä¶,11
11,0.3818,0.0,0.0,0.106,@BBC,2018-06-08 20:47:49,"RT @bmc875: Dear @bbc. During the Breakfast programme, the presenter, in discussing the World Cup, referred to the England Team as ""we"". Se‚Ä¶",12
12,0.743,0.0,0.0,0.259,@BBC,2018-06-08 20:47:43,@NeilKenny10 @Otto_English @MIkef45 @BBC Yes. You know it. I know it. But many still trust the BBC. Too many. I fou‚Ä¶ https://t.co/f7mJ4FsZkK,13
13,0.296,0.0,0.0,0.196,@BBC,2018-06-08 20:47:27,@irisstylosa @BBC Same here. Haven't even heard anything resembling a joke.,14
14,-0.6908,0.241,0.241,0.0,@BBC,2018-06-08 20:47:11,"RT @MyConcern: Prime minister attacks 'vile' #online threats ""Online #violence against #women and #girls should not be separated from offli‚Ä¶",15
15,0.0,0.0,0.0,0.0,@BBC,2018-06-08 20:46:57,"RT @BBC: It's time to think about our plastic behaviour.
#WorldEnvironmentDay https://t.co/kSzSawpYLv",16
16,-0.2755,0.232,0.232,0.0,@BBC,2018-06-08 20:46:23,@Erastes @BBC haven't even managed a smile yet #TraceyBreaksTheNews,17
17,0.0,0.0,0.0,0.0,@BBC,2018-06-08 20:46:19,#JP mener: Presset @Morten√òstergaard spiller #nazikortet https://t.co/EH4sVGWfvZ Han spiller bare det samme spil so‚Ä¶ https://t.co/RNLamTskgi,18
18,-0.2732,0.091,0.091,0.0,@BBC,2018-06-08 20:46:13,"RT @RuggedyBaba: We need to follow up and know what they did with the victim.
#ENDSARS @CNN @BBC @BBCAfrica @PulseNigeria247 @theNETng @wdb‚Ä¶",19
19,0.0,0.0,0.0,0.0,@BBC,2018-06-08 20:45:52,"RT @BBC: üé∂ Tonight, @ArcticMonkeys perform live for @BBCR1 at the legendary Maida Vale studios.

Artic Monkeys Live at the BBC | 11:05pm |‚Ä¶",20
20,0.0,0.0,0.0,0.0,@BBC,2018-06-08 20:45:35,Why have the @BBC used license payers money to give a series to #TraceyUllman it makes @MrsBrownsBoys  seem funnyü§î‚Ä¶ https://t.co/WCaCXfva0V,21
21,0.0,0.0,0.0,0.0,@BBC,2018-06-08 20:44:59,@bmc875 @ClewsTom @bigDonnachie @BBC He‚Äôs got the comprehension skills of a 5 yrs old.,22
22,0.0,0.0,0.0,0.0,@BBC,2018-06-08 20:44:41,"RT @saad_political: üî¥ ÿ≠ÿßŸÑŸäÿß ŸÖŸÜÿ∑ŸÇÿ© #ÿßŸÑÿßÿ≠Ÿàÿßÿ≤  ÿ™ÿØÿÆŸÑ ÿßŸÑŸÖÿ∏ÿßŸáÿ±ÿßÿ™ ŸàÿßŸÑÿßÿπÿ™ÿµÿßŸÖÿßÿ™ ÿ∂ÿØ ÿßŸÑŸÜÿ∏ÿßŸÖ ÿßŸÑÿßŸäÿ±ÿßŸÜŸä ŸÑŸÑŸäŸàŸÖ ÿßŸÑÿ™ÿßÿ≥ÿπ ..
.
#ÿßŸäÿ±ÿßŸÜ #ÿßÿ≥ÿ±ÿßÿ¶ŸäŸÑ #ÿßŸÑÿπÿ±ÿßŸÇ #ŸÉÿ±ÿØÿ≥ÿ™ÿß‚Ä¶",23
23,0.0,0.0,0.0,0.0,@BBC,2018-06-08 20:44:38,"RT @BBC: üåäüíô A message from Sir David Attenborough for #WorldOceansDay. 
 https://t.co/778x4RMMRv",24
24,0.0,0.0,0.0,0.0,@BBC,2018-06-08 20:44:37,@BBC @BBC6Music @ArcticMonkeys @BBCR1 @BBCTwo Why so late when rest of tonights tv schedule is a load of gubbins,25
25,-0.3089,0.148,0.148,0.0,@BBC,2018-06-08 20:44:17,"RT @BBC: 'If the oceans don't stay healthy, human beings are doomed.' 
#WorldOceansDay https://t.co/5aTLEHZ9Mi",26
26,-0.6359,0.336,0.336,0.135,@BBC,2018-06-08 20:44:14,@Erastes @BBC It's so bad I'd be embarrassed for her if I actually liked her.,27
27,0.0,0.0,0.0,0.0,@BBC,2018-06-08 20:44:08,"RT @BBC: üåäüíô A message from Sir David Attenborough for #WorldOceansDay. 
 https://t.co/778x4RMMRv",28
28,0.8934,0.0,0.0,0.416,@BBC,2018-06-08 20:43:33,"RT @jasonsfolly: Glorious day celebrating young talent at the #500words jamboree. Reunited with the luminous @CHIMPSINSOCKS, fanboyed shame‚Ä¶",29
29,-0.6908,0.241,0.241,0.0,@BBC,2018-06-08 20:43:30,"RT @MyConcern: Prime minister attacks 'vile' #online threats ""Online #violence against #women and #girls should not be separated from offli‚Ä¶",30
30,-0.6124,0.4,0.4,0.0,@BBC,2018-06-08 20:43:20,racist bigot @metpoliceuk @cspuk @bbc @10downingstreet https://t.co/HpZEJLszUG,31
31,0.8384,0.0,0.0,0.362,@BBC,2018-06-08 20:42:44,RT @LondiniMum: Have thoroughly enjoyed #thebutton - great family viewing. Bring it back on Saturday evenings @BBC,32
32,0.8658,0.0,0.0,0.373,@BBC,2018-06-08 20:42:26,RT @mr_chambers_: Dear @BBC #TraceyBreaksTheNews isn‚Äôt funny or entertaining. Please take it off air or give us all a big licence rebate -‚Ä¶,33
33,-0.1027,0.104,0.104,0.0,@BBC,2018-06-08 20:42:20,@Outside_Margina @spectator @BBC I'm a leaver and I'm sink of their blatant remain bias.,34
34,-0.4767,0.274,0.274,0.132,@BBC,2018-06-08 20:42:02,"Good Lord , tried Tracey breaks the news. It's dreadful. BBC? You should be ashamed. #TraceyBreaksTheNews @BBC",35
35,0.0516,0.0,0.0,0.07,@BBC,2018-06-08 20:41:56,A young woman from a village in Maungdaw Township tells of incredible hardships after escaping from Bengali Muslim‚Ä¶ https://t.co/9USWqcDsiA,36
36,0.0,0.0,0.0,0.0,@BBC,2018-06-08 20:41:55,@Wigwamjam @SandySmithers @right_wing_piss @TheStephenRalph @afneil @bbcthisweek @BBC @10DowningStreet @BBCr4today‚Ä¶ https://t.co/yiynuqNxW8,37
37,0.0,0.0,0.0,0.0,@BBC,2018-06-08 20:41:53,@MsActiviss @LaurasBlue @MamaRose2017 @FBI @DNC @IndivisibleNet @AP @BBC @FRANCE24 @funder @Rosie @JimCarrey‚Ä¶ https://t.co/hydklXahQT,38
38,0.3818,0.0,0.0,0.11,@BBC,2018-06-08 20:41:25,"RT @WilliamPMack: Dear @BBC  

How have you managed to run 224 articles on alleged antisemitism in Labour, yet only 4 articles on islamopho‚Ä¶",39
39,-0.5719,0.171,0.171,0.0,@BBC,2018-06-08 20:41:22,"RT @marykissel: Another extraordinary @BBC scam. When will the British people say enough is enough, privatize the thing? https://t.co/hwFex‚Ä¶",40
40,0.0,0.0,0.0,0.0,@BBC,2018-06-08 20:41:10,@Wigwamjam @_Repo @TheStephenRalph @afneil @bbcthisweek @BBC @10DowningStreet I get your concerns but don't think t‚Ä¶ https://t.co/NBXRJGHwcO,41
41,0.5413,0.0,0.0,0.225,@BBC,2018-06-08 20:40:53,"RT @BBC: These ducklings jumping from their nest are absolutely adorable. ü¶Üüê£‚ù§Ô∏èÔ∏è
https://t.co/NlQijnt3hm",42
42,-0.1531,0.212,0.212,0.186,@BBC,2018-06-08 20:40:32,"A BANGLADESHI MUSLIM SPEAKS HATRED - PRAISE TO ALLAH
@UN @CNN @BBC @MTT_News @ChannelNewsAsia @Reuters @AFP @AP‚Ä¶ https://t.co/cFfvq01X7z",43
43,0.2263,0.0,0.0,0.087,@BBC,2018-06-08 20:40:29,"@gilbert458 @Joyce_Karam @CNN @BBC @AlJazeera So you would sit back and allow your country to be taken over, your c‚Ä¶ https://t.co/Vga1MWxbsz",44
44,-0.4588,0.158,0.158,0.0,@BBC,2018-06-08 20:40:23,RT @WOTCHA999: @Just2BiZI @peopleonline1 @Charbrevolution @RichieAllenShow @RT @BBC @snatched_baby Imagine if forced adoption got as much a‚Ä¶,45
45,-0.1779,0.117,0.117,0.086,@BBC,2018-06-08 20:40:21,@ChrisMasonBBC is good on Brexit. But generally @BBC lagging way behind @faisalislam in terms of detailed extensive knowledge of Brexit.,46
46,0.0,0.0,0.0,0.0,@BBC,2018-06-08 20:40:02,"RT @juwon2017: Chief Whip of Kaduna State House of Assembly, Hon Yusuf Zailani (APC) placed N5m ransom on Senator @ShehuSani hair?
 He is D‚Ä¶",47
47,0.0,0.0,0.0,0.0,@BBC,2018-06-08 20:39:42,"RT @BBC: It's time to think about our plastic behaviour.
#WorldEnvironmentDay https://t.co/kSzSawpYLv",48
48,0.9118,0.0,0.0,0.476,@BBC,2018-06-08 20:39:35,Dear @BBC #TraceyBreaksTheNews isn‚Äôt funny or entertaining. Please take it off air or give us all a big licence rebate - thanks.,49
49,0.0,0.0,0.0,0.0,@BBC,2018-06-08 20:39:25,@EB1caneyeB @Otto_English @MIkef45 @BBC You don‚Äôt need any more funding if the BBC puts you on TV every night! And‚Ä¶ https://t.co/nAly3N7MSb,50
50,0.0,0.0,0.0,0.0,@BBC,2018-06-08 20:39:24,"@BBC just starting watching would i lie to you because it said it was a new series, but it is a episode from 2016.‚Ä¶ https://t.co/1sXa2Eos8y",51
51,-0.3616,0.122,0.122,0.0,@BBC,2018-06-08 20:39:13,"RT @TxIntenseRadio: #PedoGateNews
Why is @BBC silent?  @BBCWorld ?
Not sure if this is the same @JerryLawton ?
#PatriotsFight
#PedoGate
htt‚Ä¶",52
52,0.3818,0.0,0.0,0.106,@BBC,2018-06-08 20:39:10,"RT @bmc875: Dear @bbc. During the Breakfast programme, the presenter, in discussing the World Cup, referred to the England Team as ""we"". Se‚Ä¶",53
53,-0.4019,0.153,0.153,0.0,@BBC,2018-06-08 20:39:09,The BBC's #TheTruthAboutCarbs is yet another misleading documentary...potatoes fuelling your body and brain with gl‚Ä¶ https://t.co/2Rh8DqATSY,54
54,0.6124,0.0,0.0,0.2,@BBC,2018-06-08 20:39:09,"Bengali Muslim kids are ready and eager to do what their culture teaches and expects them to do
@UN @CNN @BBC‚Ä¶ https://t.co/anJUpqFt0Q",55
55,-0.3089,0.148,0.148,0.0,@BBC,2018-06-08 20:38:58,"RT @BBC: 'If the oceans don't stay healthy, human beings are doomed.' 
#WorldOceansDay https://t.co/5aTLEHZ9Mi",56
56,-0.3089,0.148,0.148,0.0,@BBC,2018-06-08 20:38:50,"RT @BBC: 'If the oceans don't stay healthy, human beings are doomed.' 
#WorldOceansDay https://t.co/5aTLEHZ9Mi",57
57,0.875,0.0,0.0,0.556,@BBC,2018-06-08 20:38:34,@jasonsfolly @CHIMPSINSOCKS @davidwalliams @alexandramusic @daraobriain @simon_francesca @frankcottrell_b @BBC Fabulous inspirational fun,58
58,-0.6037,0.247,0.247,0.0,@BBC,2018-06-08 20:38:27,"RT @Just2BiZI: @WOTCHA999 @peopleonline1 @Charbrevolution @RichieAllenShow UK CHILDREN STOLEN #FORCEDADOPTION

#ForcedAdoptionUK @RT docume‚Ä¶",59
59,-0.4386,0.207,0.207,0.088,@BBC,2018-06-08 20:38:24,enemies alike...it works on everybody. Mueller is the ONLY adversary who has not fallen for the bait. @cnn @msnbc‚Ä¶ https://t.co/4lxZw8Rnuq,60
60,0.0,0.0,0.0,0.0,@BBC,2018-06-08 20:38:22,"RT @BBC: üåäüíô A message from Sir David Attenborough for #WorldOceansDay. 
 https://t.co/778x4RMMRv",61
61,0.0,0.0,0.0,0.0,@BBC,2018-06-08 20:37:33,"RT @BBC: üé∂ Tonight, @ArcticMonkeys perform live for @BBCR1 at the legendary Maida Vale studios.

Artic Monkeys Live at the BBC | 11:05pm |‚Ä¶",62
62,0.3818,0.0,0.0,0.148,@BBC,2018-06-08 20:36:56,@srwjenkins @brisean18 @bmc875 @ClewsTom @bigDonnachie @BBC Actually his picture suggested it first. Credit where credit‚Äôs due.,63
63,0.6808,0.0,0.0,0.286,@BBC,2018-06-08 20:36:46,RT @localnotail: @itsallgonetopot @TheStephenRalph @afneil @bbcthisweek @BBC @10DowningStreet Thank you for your valuable contribution to t‚Ä¶,64
64,0.2023,0.0,0.0,0.141,@BBC,2018-06-08 20:36:22,@BBC @BBC6Music @ArcticMonkeys @BBCR1 @BBCTwo Preferred when he was presenting Top Gear.,65
65,-0.8957,0.435,0.435,0.0,@BBC,2018-06-08 20:35:51,"Threats of Death from Muslim to Muslim - A Culture of Violence
@UN @CNN @BBC @MTT_News @ChannelNewsAsia @Reuters‚Ä¶ https://t.co/e1bTSOuVYX",66
66,0.0,0.0,0.0,0.0,@BBC,2018-06-08 20:35:21,RT @BBC: Leaving your responsibilities behind on a Friday like... üíÅüëã #FridayFeeling @taylorswift13 https://t.co/wvmpzlOSel,67
67,-0.2732,0.091,0.091,0.0,@BBC,2018-06-08 20:35:20,"RT @RuggedyBaba: We need to follow up and know what they did with the victim.
#ENDSARS @CNN @BBC @BBCAfrica @PulseNigeria247 @theNETng @wdb‚Ä¶",68
68,-0.296,0.121,0.121,0.0,@BBC,2018-06-08 20:35:14,RT @LumSSN: #Shithole union @_AfricanUnion full of #Dictators protecting their dictatorships and kingdoms aka presidencies. Stop #Genocide‚Ä¶,69
69,-0.516,0.192,0.192,0.0,@BBC,2018-06-08 20:34:32,"ARSA MILITANT THREATENS COLLABERATORS AND INFORMANTS
@UN @CNN @BBC @MTT_News @ChannelNewsAsia @Reuters @AFP @AP‚Ä¶ https://t.co/gumTqCnKgE",70
70,-0.3089,0.148,0.148,0.0,@BBC,2018-06-08 20:34:31,"RT @BBC: 'If the oceans don't stay healthy, human beings are doomed.' 
#WorldOceansDay https://t.co/5aTLEHZ9Mi",71
71,-0.5719,0.19,0.19,0.074,@BBC,2018-06-08 20:34:25,RT @AldavisonA: @NijaActivist @oluwaloninyo @segalink @BBCBreaking @BBC @CNN There is an evil spirit associated with the present admin that‚Ä¶,72
72,0.0762,0.0,0.0,0.061,@BBC,2018-06-08 20:34:04,@the_tpa Who would have thought the TaxPayers' Alliance is an Alliance for people who don't pay taxes. Get onto it‚Ä¶ https://t.co/AFtAiGwSq8,73
73,0.0,0.0,0.0,0.0,@BBC,2018-06-08 20:34:00,"After Tracey Ullman Roasts @JeremyCorbyn in @BBC Sketch, Anti-Semitic #ConspiracyTheories Abound | @tabletmag‚Ä¶ https://t.co/0a37FEdXl6",74
74,0.0,0.0,0.0,0.0,@BBC,2018-06-08 20:33:54,@localnotail @SandySmithers @right_wing_piss @TheStephenRalph @afneil @bbcthisweek @BBC @10DowningStreet‚Ä¶ https://t.co/VPpR5Om30P,75
75,0.0,0.0,0.0,0.0,@BBC,2018-06-08 20:33:32,@BBC @BBCWorld @BBCBreaking https://t.co/H6Nj5Aozix,76
76,0.624,0.0,0.0,0.204,@BBC,2018-06-08 20:33:28,@BBC @BBC6Music @ArcticMonkeys @BBCR1 @BBCTwo Listened to this on @AnnieMac last night and they were flipping brilliant.,77
77,0.0,0.0,0.0,0.0,@BBC,2018-06-08 20:33:25,@localnotail @_Repo @TheStephenRalph @afneil @bbcthisweek @BBC @10DowningStreet I voted for Brexit not because of w‚Ä¶ https://t.co/OqlVzlXlxL,78
78,0.0,0.0,0.0,0.0,@BBC,2018-06-08 20:33:23,"RT @BBC: üé∂ Tonight, @ArcticMonkeys perform live for @BBCR1 at the legendary Maida Vale studios.

Artic Monkeys Live at the BBC | 11:05pm |‚Ä¶",79
79,0.6124,0.1,0.1,0.367,@BBC,2018-06-08 20:33:18,Haven‚Äôt laughed this hard in weeksüòÇ üëÄ thank you @WILTY_TV @BBC,80
80,0.8402,0.0,0.0,0.321,@BBC,2018-06-08 20:33:11,Dear @BBC @BBCRadio4 please give @MyNameIsByf an audio book or something as great to read as the work him and other‚Ä¶ https://t.co/fd8yu2VC5S,81
81,-0.6249,0.269,0.269,0.057,@BBC,2018-06-08 20:33:04,"Muslim upon Muslim Violence - for Trivial Matters - a Culture of Violience
@UN @CNN @BBC @MTT_News @ChannelNewsAsia‚Ä¶ https://t.co/vY0pTlelNO",82
82,0.0,0.0,0.0,0.0,@BBC,2018-06-08 20:33:02,"RT @BBC: üé∂ Tonight, @ArcticMonkeys perform live for @BBCR1 at the legendary Maida Vale studios.

Artic Monkeys Live at the BBC | 11:05pm |‚Ä¶",83
83,0.8271,0.0,0.0,0.293,@BBC,2018-06-08 20:32:48,RT @NijaActivist: Finally this Sars Guy got to my best friend today #EndSars Story so long but I‚Äôm glad he‚Äôs Out @segalink @BBCBreaking @BB‚Ä¶,84
84,0.5267,0.0,0.0,0.239,@BBC,2018-06-08 20:32:19,"@RuggedyBaba @CNN @BBC @BBCAfrica @PulseNigeria247 @theNETng @wdbnigeria I pray that God keeps this young man safe,‚Ä¶ https://t.co/JIkpaWR0tn",85
85,0.0,0.0,0.0,0.0,@BBC,2018-06-08 20:31:54,@Zelda_Fortune @onhistodd @BBC @NASA @MitchBenn We could start a hashtag #IfiredMitchBenntoo,86
86,-0.6437,0.208,0.208,0.0,@BBC,2018-06-08 20:31:25,"@BashirAhmaad This is where we would find you, arguing over things that do not help the common man. See SARS maimin‚Ä¶ https://t.co/RAOVz8hGiH",87
87,-0.5719,0.209,0.209,0.081,@BBC,2018-06-08 20:31:19,@NijaActivist @oluwaloninyo @segalink @BBCBreaking @BBC @CNN There is an evil spirit associated with the present ad‚Ä¶ https://t.co/vpb8lHiqVp,88
88,0.0,0.0,0.0,0.0,@BBC,2018-06-08 20:31:16,"RT @BBC: üé∂ Tonight, @ArcticMonkeys perform live for @BBCR1 at the legendary Maida Vale studios.

Artic Monkeys Live at the BBC | 11:05pm |‚Ä¶",89
89,-0.3089,0.148,0.148,0.0,@BBC,2018-06-08 20:30:42,"RT @BBC: 'If the oceans don't stay healthy, human beings are doomed.' 
#WorldOceansDay https://t.co/5aTLEHZ9Mi",90
90,0.5095,0.0,0.0,0.162,@BBC,2018-06-08 20:30:39,@Tartantrums @brisean18 @bmc875 @ClewsTom @bigDonnachie @BBC This is a very clever come back as it suggests Tom has‚Ä¶ https://t.co/ZiqWYMy9Mk,91
91,0.0,0.0,0.0,0.0,@BBC,2018-06-08 20:30:10,"RT @BBC: üé∂ Tonight, @ArcticMonkeys perform live for @BBCR1 at the legendary Maida Vale studios.

Artic Monkeys Live at the BBC | 11:05pm |‚Ä¶",92
92,-0.2732,0.091,0.091,0.0,@BBC,2018-06-08 20:28:21,"RT @RuggedyBaba: We need to follow up and know what they did with the victim.
#ENDSARS @CNN @BBC @BBCAfrica @PulseNigeria247 @theNETng @wdb‚Ä¶",93
93,0.2732,0.0,0.0,0.139,@BBC,2018-06-08 20:28:09,@Wigwamjam @_Repo @TheStephenRalph @afneil @bbcthisweek @BBC @10DowningStreet I think single currency works well fo‚Ä¶ https://t.co/Z3ycO29cLk,94
94,0.7783,0.0,0.0,0.312,@BBC,2018-06-08 20:27:49,RT @itsallgonetopot: @localnotail @TheStephenRalph @afneil @bbcthisweek @BBC @10DowningStreet Great outlook you have there. Let me help you‚Ä¶,95
95,0.0,0.0,0.0,0.0,@BBC,2018-06-08 20:27:07,RT @mike8881: @SimonGosden @MrNobodeee @strikerpiyush @528Booth @GStarFreedom @CarlWil42543044 @Lin46222208 @ElContador2000 @am_draper @lor‚Ä¶,96
96,0.8384,0.0,0.0,0.399,@BBC,2018-06-08 20:26:27,Have thoroughly enjoyed #thebutton - great family viewing. Bring it back on Saturday evenings @BBC,97
97,0.0,0.0,0.0,0.0,@BBC,2018-06-08 20:49:16,@localnotail @TheStephenRalph @afneil @bbcthisweek @BBC @10DowningStreet We all all understood what it meant the peoples vote was in 2016,98
98,0.0,0.0,0.0,0.0,@BBC,2018-06-08 20:49:04,turkish police  and students @ZDF @BBC @VOXde @EUDelegationTur @eu https://t.co/tLEDcIaoQ1,99
99,0.8271,0.0,0.0,0.293,@BBC,2018-06-08 20:48:59,RT @NijaActivist: Finally this Sars Guy got to my best friend today #EndSars Story so long but I‚Äôm glad he‚Äôs Out @segalink @BBCBreaking @BB‚Ä¶,100
100,0.8658,0.0,0.0,0.373,@BBC,2018-06-08 20:48:58,RT @mr_chambers_: Dear @BBC #TraceyBreaksTheNews isn‚Äôt funny or entertaining. Please take it off air or give us all a big licence rebate -‚Ä¶,101
101,-0.6783,0.358,0.358,0.0,@BBC,2018-06-08 20:48:50,RT @destayo67: @NijaActivist @segalink @BBCBreaking @BBC @CNN When will this madness stop?,102
102,0.0,0.0,0.0,0.0,@BBC,2018-06-08 20:48:35,"RT @uBeRToKS: @NijaActivist @segalink @BBCBreaking @BBC @CNN In saner climes, @YomiShogunle  would have been booted, but for the sake of co‚Ä¶",103
103,0.7739,0.0,0.0,0.296,@BBC,2018-06-08 20:48:27,@Hull_Patriot @TheStephenRalph @afneil @bbcthisweek @BBC @10DowningStreet LOL ü§£ more and more people are‚Ä¶ https://t.co/0G44nASupv,104
104,-0.6783,0.411,0.411,0.0,@BBC,2018-06-08 20:48:16,@NijaActivist @segalink @BBCBreaking @BBC @CNN When will this madness stop?,105
105,0.0,0.0,0.0,0.0,@BBC,2018-06-08 20:48:02,RT @NeilKenny10: @EB1caneyeB @Otto_English @MIkef45 @BBC You don‚Äôt need any more funding if the BBC puts you on TV every night! And they do‚Ä¶,106
106,0.4404,0.074,0.074,0.187,@BBC,2018-06-08 20:47:52,RT @NijaActivist: @MideBhadmus @segalink @BBCBreaking @BBC @CNN Like they stopped me twice before this year and we all joked about it. I do‚Ä¶,107
107,0.8271,0.0,0.0,0.293,@BBC,2018-06-08 20:47:50,RT @NijaActivist: Finally this Sars Guy got to my best friend today #EndSars Story so long but I‚Äôm glad he‚Äôs Out @segalink @BBCBreaking @BB‚Ä¶,108
108,0.3818,0.0,0.0,0.106,@BBC,2018-06-08 20:47:49,"RT @bmc875: Dear @bbc. During the Breakfast programme, the presenter, in discussing the World Cup, referred to the England Team as ""we"". Se‚Ä¶",109
109,0.743,0.0,0.0,0.259,@BBC,2018-06-08 20:47:43,@NeilKenny10 @Otto_English @MIkef45 @BBC Yes. You know it. I know it. But many still trust the BBC. Too many. I fou‚Ä¶ https://t.co/f7mJ4FsZkK,110
110,0.296,0.0,0.0,0.196,@BBC,2018-06-08 20:47:27,@irisstylosa @BBC Same here. Haven't even heard anything resembling a joke.,111
111,-0.6908,0.241,0.241,0.0,@BBC,2018-06-08 20:47:11,"RT @MyConcern: Prime minister attacks 'vile' #online threats ""Online #violence against #women and #girls should not be separated from offli‚Ä¶",112
112,0.0,0.0,0.0,0.0,@BBC,2018-06-08 20:46:57,"RT @BBC: It's time to think about our plastic behaviour.
#WorldEnvironmentDay https://t.co/kSzSawpYLv",113
113,-0.2755,0.232,0.232,0.0,@BBC,2018-06-08 20:46:23,@Erastes @BBC haven't even managed a smile yet #TraceyBreaksTheNews,114
114,0.0,0.0,0.0,0.0,@BBC,2018-06-08 20:46:19,#JP mener: Presset @Morten√òstergaard spiller #nazikortet https://t.co/EH4sVGWfvZ Han spiller bare det samme spil so‚Ä¶ https://t.co/RNLamTskgi,115
115,-0.2732,0.091,0.091,0.0,@BBC,2018-06-08 20:46:13,"RT @RuggedyBaba: We need to follow up and know what they did with the victim.
#ENDSARS @CNN @BBC @BBCAfrica @PulseNigeria247 @theNETng @wdb‚Ä¶",116
116,0.0,0.0,0.0,0.0,@BBC,2018-06-08 20:45:52,"RT @BBC: üé∂ Tonight, @ArcticMonkeys perform live for @BBCR1 at the legendary Maida Vale studios.

Artic Monkeys Live at the BBC | 11:05pm |‚Ä¶",117
117,0.0,0.0,0.0,0.0,@BBC,2018-06-08 20:45:35,Why have the @BBC used license payers money to give a series to #TraceyUllman it makes @MrsBrownsBoys  seem funnyü§î‚Ä¶ https://t.co/WCaCXfva0V,118
118,0.0,0.0,0.0,0.0,@BBC,2018-06-08 20:44:59,@bmc875 @ClewsTom @bigDonnachie @BBC He‚Äôs got the comprehension skills of a 5 yrs old.,119
119,0.0,0.0,0.0,0.0,@BBC,2018-06-08 20:44:41,"RT @saad_political: üî¥ ÿ≠ÿßŸÑŸäÿß ŸÖŸÜÿ∑ŸÇÿ© #ÿßŸÑÿßÿ≠Ÿàÿßÿ≤  ÿ™ÿØÿÆŸÑ ÿßŸÑŸÖÿ∏ÿßŸáÿ±ÿßÿ™ ŸàÿßŸÑÿßÿπÿ™ÿµÿßŸÖÿßÿ™ ÿ∂ÿØ ÿßŸÑŸÜÿ∏ÿßŸÖ ÿßŸÑÿßŸäÿ±ÿßŸÜŸä ŸÑŸÑŸäŸàŸÖ ÿßŸÑÿ™ÿßÿ≥ÿπ ..
.
#ÿßŸäÿ±ÿßŸÜ #ÿßÿ≥ÿ±ÿßÿ¶ŸäŸÑ #ÿßŸÑÿπÿ±ÿßŸÇ #ŸÉÿ±ÿØÿ≥ÿ™ÿß‚Ä¶",120
120,0.0,0.0,0.0,0.0,@BBC,2018-06-08 20:44:38,"RT @BBC: üåäüíô A message from Sir David Attenborough for #WorldOceansDay. 
 https://t.co/778x4RMMRv",121
121,0.0,0.0,0.0,0.0,@BBC,2018-06-08 20:44:37,@BBC @BBC6Music @ArcticMonkeys @BBCR1 @BBCTwo Why so late when rest of tonights tv schedule is a load of gubbins,122
122,0.0,0.0,0.0,0.0,@CBS,2018-06-08 20:49:32,RT @SaraRamirez: This is about to be the most inclusively #Queer #Pride weekend yet. Between @PoseOnFX @VIDA_STARZ  @TheTonyAwards on @CBS‚Ä¶,1
123,0.0,0.0,0.0,0.0,@CBS,2018-06-08 20:49:28,@CNN @CBS @NBC @FoxNews @CNBC @MSNBC How Carter Page got tangled up in the Russian web https://t.co/3UPnYAxK2C,2
124,0.0,0.0,0.0,0.0,@CBS,2018-06-08 20:49:21,@Beantownump @MtnMD @CNN @nbc @CBS @ABC @NPR @USATODAY @PBS @Reuters @AP @WSJ @FoxNews @NatEnquirer While they perp‚Ä¶ https://t.co/aytsWLtmXX,3
125,-0.1779,0.141,0.141,0.114,@CBS,2018-06-08 20:49:20,@CBS @Yahoo @axs This is what your contributing writer chose to say on the day Anthony Bourdain died. I hope I don‚Äô‚Ä¶ https://t.co/h6yj6pG9J9,4
126,0.0,0.0,0.0,0.0,@CBS,2018-06-08 20:48:37,RT @DouglasHespelt: @catharinemcphe5 @Grandje79727717 @pjstevens0101 @killianfleury45 @chpspics @KayneSir @just_a_meow_mom @ScorpionWriters‚Ä¶,5
127,0.0,0.0,0.0,0.0,@CBS,2018-06-08 20:48:25,RT @Beantownump: @JenniferLBrewer @MtnMD @CNN @nbc @CBS @ABC @NPR @USATODAY @PBS @Reuters @AP We know @WSJ @CNN @FoxNews @NatEnquirer spike‚Ä¶,6
128,-0.7351,0.332,0.332,0.095,@CBS,2018-06-08 20:48:01,"@CBS If you have a writer who posts shit like this, you should probably drop him. This is unacceptable. https://t.co/QIngE0HXmK",7
129,0.75,0.0,0.0,0.204,@CBS,2018-06-08 20:47:52,"RT @CBS: Save the dates! The CBS Fall lineup is here, and we're welcoming six new shows in addition to returning hits. Which show are you m‚Ä¶",8
130,-0.4588,0.237,0.237,0.149,@CBS,2018-06-08 20:47:17,"RT @FBICBS: When danger threatens the nation, these elite agents risk their lives to keep it safe. Join them on the case when new drama #FB‚Ä¶",9
131,0.0,0.0,0.0,0.0,@CBS,2018-06-08 20:47:14,@JenniferLBrewer @MtnMD @CNN @nbc @CBS @ABC @NPR @USATODAY @PBS @Reuters @AP We know @WSJ @CNN @FoxNews‚Ä¶ https://t.co/arHVwP67Sw,10
132,0.4738,0.0,0.0,0.339,@CBS,2018-06-08 20:47:02,@LilOldMiniMe @CBS @etnow Thank you! Me too!,11
133,0.0,0.0,0.0,0.0,@CBS,2018-06-08 20:46:33,"RT @ProCannonFodder: When does @CBS address Colbert's ""Holster"" comment under the new standards set by @ABCNetwork  #LiberalHypocrisy",12
134,0.802,0.0,0.0,0.356,@CBS,2018-06-08 20:46:23,"RT @DeckerStar_Luv: It is in everyone's best interest to #SaveLucifer #PickUpLucifer 

@tomellis17 @Henderson_Joe @Ildymojo 

@warnerbrostv‚Ä¶",13
135,0.0,0.0,0.0,0.0,@CBS,2018-06-08 20:46:15,#DemsLoseJewishMillennialBlackHispanicVote #ProsecuteVoterFraud #DemsRinosOut #ObamaGate #NoDealsForTraitors‚Ä¶ https://t.co/8t93f4TjG4,14
136,0.75,0.0,0.0,0.273,@CBS,2018-06-08 20:46:09,"RT @HawaiiFive0CBS: This fall, the Aloha State is getting backup. #H50 is proud to welcome @MagnumPICBS to @CBS! https://t.co/K65pjGqzYh",15
137,-0.5256,0.308,0.308,0.136,@CBS,2018-06-08 20:45:50,@David_Leavitt You are definitely the most disgusting lifeform today. @cbs @yahoo fire this thing.,16
138,0.0,0.0,0.0,0.0,@CBS,2018-06-08 20:45:22,@MtnMD @CNN @nbc @CBS @ABC @NPR @USATODAY @PBS @Reuters @AP When fascism comes to America it will be waving a flag.‚Ä¶ https://t.co/96gPOnhDpP,17
139,0.6486,0.0,0.0,0.249,@CBS,2018-06-08 20:45:15,RT @CrimMinds_CBS: The CBS crime-fighting family is getting even stronger. #CriminalMinds welcomes @FBICBS to @CBS this fall. https://t.co/‚Ä¶,18
140,0.4215,0.0,0.0,0.157,@CBS,2018-06-08 20:44:11,RT @JKCorden: Tonight‚Äôs @latelateshow might be one of my favorites of all time x @CBS 12.30 x #LateLateShawn,19
141,0.0,0.0,0.0,0.0,@CBS,2018-06-08 20:43:50,RT @SaraRamirez: This is about to be the most inclusively #Queer #Pride weekend yet. Between @PoseOnFX @VIDA_STARZ  @TheTonyAwards on @CBS‚Ä¶,20
142,0.0,0.0,0.0,0.0,@CBS,2018-06-08 20:43:49,@MagnumPICBS @CBS Tom Selleck is the only Magum,21
143,0.0,0.0,0.0,0.0,@CBS,2018-06-08 20:43:45,Hey @CBS and @time come get your boy https://t.co/x3CIKF8vgk,22
144,0.0,0.0,0.0,0.0,@CBS,2018-06-08 20:43:28,RT @SaraRamirez: This is about to be the most inclusively #Queer #Pride weekend yet. Between @PoseOnFX @VIDA_STARZ  @TheTonyAwards on @CBS‚Ä¶,23
145,0.0,0.0,0.0,0.0,@CBS,2018-06-08 20:42:47,@SaraRamirez @PoseOnFX @VIDA_STARZ @TheTonyAwards @CBS @brooklyn_pride If Kat Sandoval was to meet Arizona Robbins‚Ä¶ https://t.co/3gEsJ0jqMt,24
146,0.0,0.0,0.0,0.0,@CBS,2018-06-08 20:42:47,"RT @RepublicRecords: TONIGHT: Catch @juliamichaels performing with @ShawnMendes on the @latelateshow üåπ

12:37AM ET on @CBS https://t.co/kEs‚Ä¶",25
147,-0.4588,0.237,0.237,0.149,@CBS,2018-06-08 20:42:41,"RT @FBICBS: When danger threatens the nation, these elite agents risk their lives to keep it safe. Join them on the case when new drama #FB‚Ä¶",26
148,0.8832,0.0,0.0,0.351,@CBS,2018-06-08 20:42:30,"RT @bigbangtheory: Hey @TheNeighborhood, take it from us, sometimes it's easier said than done to love thy neighbor. Welcome to @CBS! https‚Ä¶",27
149,0.4767,0.074,0.074,0.148,@CBS,2018-06-08 20:41:30,RT @CBS: It's the summer of love. You NEED to see what just happened on The Young and the Restless. Download the app. https://t.co/S7TIyTOu‚Ä¶,28
150,-0.4215,0.203,0.203,0.0,@CBS,2018-06-08 20:41:26,@SaraRamirez @PoseOnFX @VIDA_STARZ @TheTonyAwards @CBS @brooklyn_pride Sadly. In #Mauritiuspride2018 many üè≥Ô∏è‚Äçüåà‚Ä¶ https://t.co/puMNFfJ0wv,29
151,0.296,0.0,0.0,0.155,@CBS,2018-06-08 20:39:58,RT @CBS: Join @etnow's @DDirecto this Sunday on the #TonyAwards' red carpet. https://t.co/7jS8g10KmY,30
152,-0.8402,0.29,0.29,0.0,@CBS,2018-06-08 20:39:57,RT @leftybroad: #CodeBlack With all the stress of hatred in the world that we see daily why on earth would @CBS cancel this humanity driven‚Ä¶,31
153,0.0,0.0,0.0,0.0,@CBS,2018-06-08 20:39:53,RT @SaraRamirez: This is about to be the most inclusively #Queer #Pride weekend yet. Between @PoseOnFX @VIDA_STARZ  @TheTonyAwards on @CBS‚Ä¶,32
154,0.0,0.0,0.0,0.0,@CBS,2018-06-08 20:39:34,RT @Folk4QAFReunion: This @EW #qaf cast reunion is getting a lot of attention today @Showtime @netflix @hulu @AmazonStudios @cbs The fans t‚Ä¶,33
155,0.8408,0.0,0.0,0.392,@CBS,2018-06-08 20:39:30,"RT @fatima_aouichi: I WOULD NEVER STOP FIGHTING FOR THE SHOW I CARE ABOUT üíñ‚ù§Ô∏è
 #SaveTheShadowWorld #SaveShadowhunters 
@FreeformTV @hulu @n‚Ä¶",34
156,0.5051,0.0,0.0,0.135,@CBS,2018-06-08 20:39:18,RT @MtnMD: Why is the press not SCREAMING THIS FROM THE ROOFTOPS??? @CNN @NBC @CBS @ABC @NPR @USATODAY @PBS @REUTERS @AP https://t.co/EW4py‚Ä¶,35
157,-0.34,0.138,0.138,0.0,@CBS,2018-06-08 20:39:17,RT @scottymullen: Obviously @CBS made a ginormous casting mistake and @MyNameisRazzle2 should be the new #MagnumPI https://t.co/unND4a4xcK,36
158,0.0,0.0,0.0,0.0,@CBS,2018-06-08 20:39:02,RT @Folk4QAFReunion: This @EW #qaf cast reunion is getting a lot of attention today @Showtime @netflix @hulu @AmazonStudios @cbs The fans t‚Ä¶,37
159,0.4215,0.0,0.0,0.157,@CBS,2018-06-08 20:38:56,RT @JKCorden: Tonight‚Äôs @latelateshow might be one of my favorites of all time x @CBS 12.30 x #LateLateShawn,38
160,0.2808,0.153,0.153,0.194,@CBS,2018-06-08 20:38:53,"RT @Pepamint83: Code Black Fans 

Let's show CBS they made a HUGE mistake by cancelling #CodeBlack and show them our fan number's. 

PLEASE‚Ä¶",39
161,0.0772,0.0,0.0,0.075,@CBS,2018-06-08 20:38:49,@David_Leavitt @Yahoo @CBS @dcexaminer @axs  @TwitchSupport do you want this sort of content associated with your platforms?,40
162,-0.3182,0.126,0.126,0.0,@CBS,2018-06-08 20:38:46,"Day 663 of the National boycott of MSM, including @MSNBC, @CNN, @ABC, @CBS, @nytimes , @washingtonpost ,@USATODAY‚Ä¶ https://t.co/wX5u1PrKWn",41
163,-0.296,0.17,0.17,0.108,@CBS,2018-06-08 20:38:43,@FBICBS @CBS Can‚Äôt wait. Anything Dick Wolf creates is usually gold. üôåüèΩ,42
164,0.0,0.0,0.0,0.0,@CBS,2018-06-08 20:38:00,@scottymullen @CBS @acferrante I smell a mockbuster.... Magnum:CSI https://t.co/2WHNd3tneE,43
165,0.0,0.0,0.0,0.0,@CBS,2018-06-08 20:37:11,"RT @RHOAZON: J-130
#YoungSheldon 
S02E01
@CBS
Others tv series dates 
‚§µÔ∏è‚§µÔ∏è‚§µÔ∏è‚§µÔ∏è‚§µÔ∏è‚§µÔ∏è‚§µÔ∏è‚§µÔ∏è‚§µÔ∏è
https://t.co/HQ4RpR74XS https://t.co/2jnWvQCy6f",44
166,0.7351,0.0,0.0,0.267,@CBS,2018-06-08 20:37:09,"RT @TheTonyAwards: Special Tony Award recipient, @springsteen will make a rare television appearance as he performs at the 2018 #TonyAwards‚Ä¶",45
167,0.4215,0.0,0.0,0.157,@CBS,2018-06-08 20:36:47,RT @JKCorden: Tonight‚Äôs @latelateshow might be one of my favorites of all time x @CBS 12.30 x #LateLateShawn,46
168,-0.6124,0.16,0.16,0.0,@CBS,2018-06-08 20:36:46,@David_Leavitt @CBS @axs @Yahoo any idea on if this disgusting human being is going to be working for you anymore a‚Ä¶ https://t.co/0ou6CY5NPJ,47
169,0.0,0.0,0.0,0.0,@CBS,2018-06-08 20:49:32,RT @SaraRamirez: This is about to be the most inclusively #Queer #Pride weekend yet. Between @PoseOnFX @VIDA_STARZ  @TheTonyAwards on @CBS‚Ä¶,48
170,0.0,0.0,0.0,0.0,@CBS,2018-06-08 20:49:28,@CNN @CBS @NBC @FoxNews @CNBC @MSNBC How Carter Page got tangled up in the Russian web https://t.co/3UPnYAxK2C,49
171,0.0,0.0,0.0,0.0,@CBS,2018-06-08 20:49:21,@Beantownump @MtnMD @CNN @nbc @CBS @ABC @NPR @USATODAY @PBS @Reuters @AP @WSJ @FoxNews @NatEnquirer While they perp‚Ä¶ https://t.co/aytsWLtmXX,50
172,-0.1779,0.141,0.141,0.114,@CBS,2018-06-08 20:49:20,@CBS @Yahoo @axs This is what your contributing writer chose to say on the day Anthony Bourdain died. I hope I don‚Äô‚Ä¶ https://t.co/h6yj6pG9J9,51
173,0.0,0.0,0.0,0.0,@CBS,2018-06-08 20:48:37,RT @DouglasHespelt: @catharinemcphe5 @Grandje79727717 @pjstevens0101 @killianfleury45 @chpspics @KayneSir @just_a_meow_mom @ScorpionWriters‚Ä¶,52
174,0.0,0.0,0.0,0.0,@CBS,2018-06-08 20:48:25,RT @Beantownump: @JenniferLBrewer @MtnMD @CNN @nbc @CBS @ABC @NPR @USATODAY @PBS @Reuters @AP We know @WSJ @CNN @FoxNews @NatEnquirer spike‚Ä¶,53
175,-0.7351,0.332,0.332,0.095,@CBS,2018-06-08 20:48:01,"@CBS If you have a writer who posts shit like this, you should probably drop him. This is unacceptable. https://t.co/QIngE0HXmK",54
176,0.75,0.0,0.0,0.204,@CBS,2018-06-08 20:47:52,"RT @CBS: Save the dates! The CBS Fall lineup is here, and we're welcoming six new shows in addition to returning hits. Which show are you m‚Ä¶",55
177,-0.4588,0.237,0.237,0.149,@CBS,2018-06-08 20:47:17,"RT @FBICBS: When danger threatens the nation, these elite agents risk their lives to keep it safe. Join them on the case when new drama #FB‚Ä¶",56
178,0.0,0.0,0.0,0.0,@CBS,2018-06-08 20:47:14,@JenniferLBrewer @MtnMD @CNN @nbc @CBS @ABC @NPR @USATODAY @PBS @Reuters @AP We know @WSJ @CNN @FoxNews‚Ä¶ https://t.co/arHVwP67Sw,57
179,0.4738,0.0,0.0,0.339,@CBS,2018-06-08 20:47:02,@LilOldMiniMe @CBS @etnow Thank you! Me too!,58
180,0.0,0.0,0.0,0.0,@CBS,2018-06-08 20:46:33,"RT @ProCannonFodder: When does @CBS address Colbert's ""Holster"" comment under the new standards set by @ABCNetwork  #LiberalHypocrisy",59
181,0.802,0.0,0.0,0.356,@CBS,2018-06-08 20:46:23,"RT @DeckerStar_Luv: It is in everyone's best interest to #SaveLucifer #PickUpLucifer 

@tomellis17 @Henderson_Joe @Ildymojo 

@warnerbrostv‚Ä¶",60
182,0.0,0.0,0.0,0.0,@CBS,2018-06-08 20:46:15,#DemsLoseJewishMillennialBlackHispanicVote #ProsecuteVoterFraud #DemsRinosOut #ObamaGate #NoDealsForTraitors‚Ä¶ https://t.co/8t93f4TjG4,61
183,0.75,0.0,0.0,0.273,@CBS,2018-06-08 20:46:09,"RT @HawaiiFive0CBS: This fall, the Aloha State is getting backup. #H50 is proud to welcome @MagnumPICBS to @CBS! https://t.co/K65pjGqzYh",62
184,-0.5256,0.308,0.308,0.136,@CBS,2018-06-08 20:45:50,@David_Leavitt You are definitely the most disgusting lifeform today. @cbs @yahoo fire this thing.,63
185,0.0,0.0,0.0,0.0,@CBS,2018-06-08 20:45:22,@MtnMD @CNN @nbc @CBS @ABC @NPR @USATODAY @PBS @Reuters @AP When fascism comes to America it will be waving a flag.‚Ä¶ https://t.co/96gPOnhDpP,64
186,0.6486,0.0,0.0,0.249,@CBS,2018-06-08 20:45:15,RT @CrimMinds_CBS: The CBS crime-fighting family is getting even stronger. #CriminalMinds welcomes @FBICBS to @CBS this fall. https://t.co/‚Ä¶,65
187,0.4215,0.0,0.0,0.157,@CBS,2018-06-08 20:44:11,RT @JKCorden: Tonight‚Äôs @latelateshow might be one of my favorites of all time x @CBS 12.30 x #LateLateShawn,66
188,0.0,0.0,0.0,0.0,@CBS,2018-06-08 20:43:50,RT @SaraRamirez: This is about to be the most inclusively #Queer #Pride weekend yet. Between @PoseOnFX @VIDA_STARZ  @TheTonyAwards on @CBS‚Ä¶,67
189,0.0,0.0,0.0,0.0,@CBS,2018-06-08 20:43:49,@MagnumPICBS @CBS Tom Selleck is the only Magum,68
190,0.0,0.0,0.0,0.0,@CBS,2018-06-08 20:43:45,Hey @CBS and @time come get your boy https://t.co/x3CIKF8vgk,69
191,0.0,0.0,0.0,0.0,@CBS,2018-06-08 20:43:28,RT @SaraRamirez: This is about to be the most inclusively #Queer #Pride weekend yet. Between @PoseOnFX @VIDA_STARZ  @TheTonyAwards on @CBS‚Ä¶,70
192,0.0,0.0,0.0,0.0,@CBS,2018-06-08 20:42:47,@SaraRamirez @PoseOnFX @VIDA_STARZ @TheTonyAwards @CBS @brooklyn_pride If Kat Sandoval was to meet Arizona Robbins‚Ä¶ https://t.co/3gEsJ0jqMt,71
193,0.0,0.0,0.0,0.0,@CBS,2018-06-08 20:42:47,"RT @RepublicRecords: TONIGHT: Catch @juliamichaels performing with @ShawnMendes on the @latelateshow üåπ

12:37AM ET on @CBS https://t.co/kEs‚Ä¶",72
194,-0.4588,0.237,0.237,0.149,@CBS,2018-06-08 20:42:41,"RT @FBICBS: When danger threatens the nation, these elite agents risk their lives to keep it safe. Join them on the case when new drama #FB‚Ä¶",73
195,0.8832,0.0,0.0,0.351,@CBS,2018-06-08 20:42:30,"RT @bigbangtheory: Hey @TheNeighborhood, take it from us, sometimes it's easier said than done to love thy neighbor. Welcome to @CBS! https‚Ä¶",74
196,0.4767,0.074,0.074,0.148,@CBS,2018-06-08 20:41:30,RT @CBS: It's the summer of love. You NEED to see what just happened on The Young and the Restless. Download the app. https://t.co/S7TIyTOu‚Ä¶,75
197,-0.4215,0.203,0.203,0.0,@CBS,2018-06-08 20:41:26,@SaraRamirez @PoseOnFX @VIDA_STARZ @TheTonyAwards @CBS @brooklyn_pride Sadly. In #Mauritiuspride2018 many üè≥Ô∏è‚Äçüåà‚Ä¶ https://t.co/puMNFfJ0wv,76
198,0.296,0.0,0.0,0.155,@CBS,2018-06-08 20:39:58,RT @CBS: Join @etnow's @DDirecto this Sunday on the #TonyAwards' red carpet. https://t.co/7jS8g10KmY,77
199,-0.8402,0.29,0.29,0.0,@CBS,2018-06-08 20:39:57,RT @leftybroad: #CodeBlack With all the stress of hatred in the world that we see daily why on earth would @CBS cancel this humanity driven‚Ä¶,78
200,0.0,0.0,0.0,0.0,@CBS,2018-06-08 20:39:53,RT @SaraRamirez: This is about to be the most inclusively #Queer #Pride weekend yet. Between @PoseOnFX @VIDA_STARZ  @TheTonyAwards on @CBS‚Ä¶,79
201,0.0,0.0,0.0,0.0,@CBS,2018-06-08 20:39:34,RT @Folk4QAFReunion: This @EW #qaf cast reunion is getting a lot of attention today @Showtime @netflix @hulu @AmazonStudios @cbs The fans t‚Ä¶,80
202,0.8408,0.0,0.0,0.392,@CBS,2018-06-08 20:39:30,"RT @fatima_aouichi: I WOULD NEVER STOP FIGHTING FOR THE SHOW I CARE ABOUT üíñ‚ù§Ô∏è
 #SaveTheShadowWorld #SaveShadowhunters 
@FreeformTV @hulu @n‚Ä¶",81
203,0.5051,0.0,0.0,0.135,@CBS,2018-06-08 20:39:18,RT @MtnMD: Why is the press not SCREAMING THIS FROM THE ROOFTOPS??? @CNN @NBC @CBS @ABC @NPR @USATODAY @PBS @REUTERS @AP https://t.co/EW4py‚Ä¶,82
204,-0.34,0.138,0.138,0.0,@CBS,2018-06-08 20:39:17,RT @scottymullen: Obviously @CBS made a ginormous casting mistake and @MyNameisRazzle2 should be the new #MagnumPI https://t.co/unND4a4xcK,83
205,0.0,0.0,0.0,0.0,@CBS,2018-06-08 20:39:02,RT @Folk4QAFReunion: This @EW #qaf cast reunion is getting a lot of attention today @Showtime @netflix @hulu @AmazonStudios @cbs The fans t‚Ä¶,84
206,0.4215,0.0,0.0,0.157,@CBS,2018-06-08 20:38:56,RT @JKCorden: Tonight‚Äôs @latelateshow might be one of my favorites of all time x @CBS 12.30 x #LateLateShawn,85
207,0.2808,0.153,0.153,0.194,@CBS,2018-06-08 20:38:53,"RT @Pepamint83: Code Black Fans 

Let's show CBS they made a HUGE mistake by cancelling #CodeBlack and show them our fan number's. 

PLEASE‚Ä¶",86
208,0.0772,0.0,0.0,0.075,@CBS,2018-06-08 20:38:49,@David_Leavitt @Yahoo @CBS @dcexaminer @axs  @TwitchSupport do you want this sort of content associated with your platforms?,87
209,-0.3182,0.126,0.126,0.0,@CBS,2018-06-08 20:38:46,"Day 663 of the National boycott of MSM, including @MSNBC, @CNN, @ABC, @CBS, @nytimes , @washingtonpost ,@USATODAY‚Ä¶ https://t.co/wX5u1PrKWn",88
210,-0.296,0.17,0.17,0.108,@CBS,2018-06-08 20:38:43,@FBICBS @CBS Can‚Äôt wait. Anything Dick Wolf creates is usually gold. üôåüèΩ,89
211,0.0,0.0,0.0,0.0,@CBS,2018-06-08 20:38:00,@scottymullen @CBS @acferrante I smell a mockbuster.... Magnum:CSI https://t.co/2WHNd3tneE,90
212,0.0,0.0,0.0,0.0,@CBS,2018-06-08 20:37:11,"RT @RHOAZON: J-130
#YoungSheldon 
S02E01
@CBS
Others tv series dates 
‚§µÔ∏è‚§µÔ∏è‚§µÔ∏è‚§µÔ∏è‚§µÔ∏è‚§µÔ∏è‚§µÔ∏è‚§µÔ∏è‚§µÔ∏è
https://t.co/HQ4RpR74XS https://t.co/2jnWvQCy6f",91
213,0.7351,0.0,0.0,0.267,@CBS,2018-06-08 20:37:09,"RT @TheTonyAwards: Special Tony Award recipient, @springsteen will make a rare television appearance as he performs at the 2018 #TonyAwards‚Ä¶",92
214,0.4215,0.0,0.0,0.157,@CBS,2018-06-08 20:36:47,RT @JKCorden: Tonight‚Äôs @latelateshow might be one of my favorites of all time x @CBS 12.30 x #LateLateShawn,93
215,-0.6124,0.16,0.16,0.0,@CBS,2018-06-08 20:36:46,@David_Leavitt @CBS @axs @Yahoo any idea on if this disgusting human being is going to be working for you anymore a‚Ä¶ https://t.co/0ou6CY5NPJ,94
216,-0.7814,0.287,0.287,0.0,@CBS,2018-06-08 20:36:08,"@CBS @etnow @DDirecto Uggh, hard to look at the word ‚ÄúTony‚Äù today in anything but the worst context. #RIPAnthonyBordain",95
217,0.0,0.0,0.0,0.0,@CBS,2018-06-08 20:49:32,RT @SaraRamirez: This is about to be the most inclusively #Queer #Pride weekend yet. Between @PoseOnFX @VIDA_STARZ  @TheTonyAwards on @CBS‚Ä¶,96
218,0.0,0.0,0.0,0.0,@CBS,2018-06-08 20:49:28,@CNN @CBS @NBC @FoxNews @CNBC @MSNBC How Carter Page got tangled up in the Russian web https://t.co/3UPnYAxK2C,97
219,0.0,0.0,0.0,0.0,@CBS,2018-06-08 20:49:21,@Beantownump @MtnMD @CNN @nbc @CBS @ABC @NPR @USATODAY @PBS @Reuters @AP @WSJ @FoxNews @NatEnquirer While they perp‚Ä¶ https://t.co/aytsWLtmXX,98
220,-0.1779,0.141,0.141,0.114,@CBS,2018-06-08 20:49:20,@CBS @Yahoo @axs This is what your contributing writer chose to say on the day Anthony Bourdain died. I hope I don‚Äô‚Ä¶ https://t.co/h6yj6pG9J9,99
221,0.0,0.0,0.0,0.0,@CBS,2018-06-08 20:48:37,RT @DouglasHespelt: @catharinemcphe5 @Grandje79727717 @pjstevens0101 @killianfleury45 @chpspics @KayneSir @just_a_meow_mom @ScorpionWriters‚Ä¶,100
222,0.0,0.0,0.0,0.0,@CBS,2018-06-08 20:48:25,RT @Beantownump: @JenniferLBrewer @MtnMD @CNN @nbc @CBS @ABC @NPR @USATODAY @PBS @Reuters @AP We know @WSJ @CNN @FoxNews @NatEnquirer spike‚Ä¶,101
223,-0.7351,0.332,0.332,0.095,@CBS,2018-06-08 20:48:01,"@CBS If you have a writer who posts shit like this, you should probably drop him. This is unacceptable. https://t.co/QIngE0HXmK",102
224,0.75,0.0,0.0,0.204,@CBS,2018-06-08 20:47:52,"RT @CBS: Save the dates! The CBS Fall lineup is here, and we're welcoming six new shows in addition to returning hits. Which show are you m‚Ä¶",103
225,-0.4588,0.237,0.237,0.149,@CBS,2018-06-08 20:47:17,"RT @FBICBS: When danger threatens the nation, these elite agents risk their lives to keep it safe. Join them on the case when new drama #FB‚Ä¶",104
226,0.0,0.0,0.0,0.0,@CBS,2018-06-08 20:47:14,@JenniferLBrewer @MtnMD @CNN @nbc @CBS @ABC @NPR @USATODAY @PBS @Reuters @AP We know @WSJ @CNN @FoxNews‚Ä¶ https://t.co/arHVwP67Sw,105
227,0.4738,0.0,0.0,0.339,@CBS,2018-06-08 20:47:02,@LilOldMiniMe @CBS @etnow Thank you! Me too!,106
228,0.1511,0.0,0.0,0.077,@CNN,2018-06-08 20:49:46,"@CNN this shouldn't be controversial. many Trump fans think he is a king, and Trump has always considered himself c‚Ä¶ https://t.co/Q2aGY40egD",1
229,-0.7003,0.326,0.326,0.0,@CNN,2018-06-08 20:49:45,@CNN The king of traitors. No room for king hog shit in this democracy.,2
230,-0.5405,0.251,0.251,0.1,@CNN,2018-06-08 20:49:44,@AnneClaireCNN @CNN @brianstelter delete that tweet please and do not share the details @Bourdain's death. @CNN did‚Ä¶ https://t.co/6D7xA6yfju,3
231,-0.296,0.191,0.191,0.105,@CNN,2018-06-08 20:49:44,"RT @CNN: Krill are critical to the fight against climate change: These tiny creatures help capture carbon dioxide, offsetting the emissions‚Ä¶",4
232,0.0772,0.134,0.134,0.177,@CNN,2018-06-08 20:49:44,"RT @t_pletch: @CNN speaking as a loyal fan of yours, this behavior by a CNN contributor is abhorrent and shouldn‚Äôt be allowed. The use of t‚Ä¶",5
233,0.5859,0.064,0.064,0.193,@CNN,2018-06-08 20:49:44,"RT @CNN: Tyler Soloman wiped tears of joy off his face after his father, who'd been deployed overseas, surprised Tyler by showing up at his‚Ä¶",6
234,0.5859,0.064,0.064,0.193,@CNN,2018-06-08 20:49:43,"RT @CNN: Tyler Soloman wiped tears of joy off his face after his father, who'd been deployed overseas, surprised Tyler by showing up at his‚Ä¶",7
235,0.6369,0.0,0.0,0.234,@CNN,2018-06-08 20:49:43,I know for a fact that our Religious beliefs are protected by the Constitution. What part protects speech against o‚Ä¶ https://t.co/X5uJRMIYgq,8
236,-0.8271,0.304,0.304,0.073,@CNN,2018-06-08 20:49:41,"RT @CNN: BREAKING: Anthony Bourdain of CNN‚Äôs ‚ÄúParts Unknown‚Äù is dead. The chef, storyteller and Emmy-winning host has committed suicide at‚Ä¶",9
237,-0.8271,0.304,0.304,0.073,@CNN,2018-06-08 20:49:41,"RT @CNN: BREAKING: Anthony Bourdain of CNN‚Äôs ‚ÄúParts Unknown‚Äù is dead. The chef, storyteller and Emmy-winning host has committed suicide at‚Ä¶",10
238,0.7378,0.137,0.137,0.332,@CNN,2018-06-08 20:49:40,RT @President1Trump: AMAZING @CNN Does a positive piece of news on @POTUS: 11-year-old cancer survivor Katy was with @POTUS when he signed‚Ä¶,11
239,0.3182,0.0,0.0,0.103,@CNN,2018-06-08 20:49:40,@AlecTGalloway3 @CNN @NRA Please contact your local police and tell them that you don't think they need to teach th‚Ä¶ https://t.co/jhz5vX3DKB,12
240,0.0,0.0,0.0,0.0,@CNN,2018-06-08 20:49:37,"RT @CNN: Anthony Bourdain, the chef and gifted storyteller who took TV viewers around the world to explore culture, cuisine and the human c‚Ä¶",13
241,0.0,0.0,0.0,0.0,@CNN,2018-06-08 20:49:36,RT @Jim_Jordan: Here's something that @CNN won't tell you: @POTUS has had a tremendous first year and a half in office.,14
242,-0.5994,0.163,0.163,0.0,@CNN,2018-06-08 20:49:35,"RT @CNN: Anthony Bourdain's ""Kitchen Confidential"" became Amazon's top-selling book after the chef and television host's death at age 61 ht‚Ä¶",15
243,0.4767,0.0,0.0,0.194,@CNN,2018-06-08 20:49:35,"So, will @Kaepernick7 get an invite, Mr. President? @realDonaldTrump 
We would like to hear the discussion on live‚Ä¶ https://t.co/6sKtnUplOS",16
244,0.0,0.0,0.0,0.0,@CNN,2018-06-08 20:49:35,@CNN All these suicides and nobody knows why?,17
245,-0.4847,0.108,0.108,0.0,@CNN,2018-06-08 20:49:35,"RT @CNN: Anthony Bourdain ""gave us a world that we didn't know we needed. He gave us stories of people we didn't know we loved. ... He gave‚Ä¶",18
246,0.0,0.0,0.0,0.0,@CNN,2018-06-08 20:49:34,RT @CNN: Did you know Google used to be called Backrub? Here's a look back at some of the most memorable company name changes: https://t.co‚Ä¶,19
247,0.4404,0.0,0.0,0.182,@CNN,2018-06-08 20:49:33,@CNN @PartsUnknownCNN Thanks to everyone involved in making Parts Unknown all these years. #BourdainRIP,20
248,0.0,0.0,0.0,0.0,@CNN,2018-06-08 20:49:33,RT @CNN: KFC says it will break with its meat-loving tradition and begin testing a vegetarian alternative to chicken later this year in the‚Ä¶,21
249,0.0,0.0,0.0,0.0,@CNN,2018-06-08 20:49:33,@countable Donald Trump represents Vladimir Putin and not the American people.  @foxnewspolitics @ABCPolitics @NBCPolitics @CBSPolitics @CNN,22
250,0.0,0.0,0.0,0.0,@CNN,2018-06-08 20:49:32,@CNN will twist anything https://t.co/8ngKYNw7WX,23
251,-0.1572,0.071,0.071,0.0,@CNN,2018-06-08 20:49:31,"RT @larryelder: Media are CRAZED over @realDonaldTrump's use of the term ""spy."" But @CNN, @ABC, @NBCNews, @MSNBC and the leftwing media CON‚Ä¶",24
252,-0.4847,0.108,0.108,0.0,@CNN,2018-06-08 20:49:31,"RT @CNN: Anthony Bourdain ""gave us a world that we didn't know we needed. He gave us stories of people we didn't know we loved. ... He gave‚Ä¶",25
253,-0.5994,0.163,0.163,0.0,@CNN,2018-06-08 20:49:31,"RT @CNN: Anthony Bourdain's ""Kitchen Confidential"" became Amazon's top-selling book after the chef and television host's death at age 61 ht‚Ä¶",26
254,0.0,0.0,0.0,0.0,@CNN,2018-06-08 20:49:30,"RT @CNN: Anthony Bourdain, the chef and gifted storyteller who took TV viewers around the world to explore culture, cuisine and the human c‚Ä¶",27
255,0.0,0.0,0.0,0.0,@CNN,2018-06-08 20:49:30,@CNN Enough ages for it,28
256,-0.5994,0.163,0.163,0.0,@CNN,2018-06-08 20:49:30,"RT @CNN: Anthony Bourdain's ""Kitchen Confidential"" became Amazon's top-selling book after the chef and television host's death at age 61 ht‚Ä¶",29
257,0.5719,0.12,0.12,0.263,@CNN,2018-06-08 20:49:29,"@CNN Clintoon nefarious nutsackworxs, you are the best. At being wrong. Keep hiring obummer and killerybenghazi peeps. You're  amusing",30
258,0.0,0.0,0.0,0.0,@CNN,2018-06-08 20:49:28,RT @CNN: President Trump is dressed as a king on the new Time magazine cover https://t.co/NxcNy1BWy4 https://t.co/Q2XrjRE4ip,31
259,0.0,0.0,0.0,0.0,@CNN,2018-06-08 20:49:28,@CNN @CBS @NBC @FoxNews @CNBC @MSNBC How Carter Page got tangled up in the Russian web https://t.co/3UPnYAxK2C,32
260,0.296,0.0,0.0,0.423,@CNN,2018-06-08 20:49:27,@rmead777 @CNN Ok troll,33
261,-0.296,0.191,0.191,0.105,@CNN,2018-06-08 20:49:27,"RT @CNN: Krill are critical to the fight against climate change: These tiny creatures help capture carbon dioxide, offsetting the emissions‚Ä¶",34
262,-0.296,0.191,0.191,0.105,@CNN,2018-06-08 20:49:26,"RT @CNN: Krill are critical to the fight against climate change: These tiny creatures help capture carbon dioxide, offsetting the emissions‚Ä¶",35
263,0.5859,0.064,0.064,0.193,@CNN,2018-06-08 20:49:26,"RT @CNN: Tyler Soloman wiped tears of joy off his face after his father, who'd been deployed overseas, surprised Tyler by showing up at his‚Ä¶",36
264,0.0,0.0,0.0,0.0,@CNN,2018-06-08 20:49:26,RT @CNN: President Trump is dressed as a king on the new Time magazine cover https://t.co/NxcNy1BWy4 https://t.co/Q2XrjRE4ip,37
265,0.3182,0.0,0.0,0.099,@CNN,2018-06-08 20:49:24,RT @Ms_Wallace4: @Sifill_LDF @NAACP_LDF @CNN AND in 1977 then President Jimmy Carter did a blanket pardon anyone who had evaded the draft d‚Ä¶,38
266,0.0,0.0,0.0,0.0,@CNN,2018-06-08 20:49:24,@CNN Before this is over .... we may make him king,39
267,-0.4847,0.108,0.108,0.0,@CNN,2018-06-08 20:49:24,"RT @CNN: Anthony Bourdain ""gave us a world that we didn't know we needed. He gave us stories of people we didn't know we loved. ... He gave‚Ä¶",40
268,0.0,0.0,0.0,0.0,@CNN,2018-06-08 20:49:22,@CNN Read it two years ago. It's unabashed look at the restaurant industry and food service in the 80's is still ve‚Ä¶ https://t.co/ZsEzmlsVWw,41
269,-0.8271,0.304,0.304,0.073,@CNN,2018-06-08 20:49:22,"RT @CNN: BREAKING: Anthony Bourdain of CNN‚Äôs ‚ÄúParts Unknown‚Äù is dead. The chef, storyteller and Emmy-winning host has committed suicide at‚Ä¶",42
270,0.0,0.0,0.0,0.0,@CNN,2018-06-08 20:49:21,"RT @CNN: In the Maldives, a resort offers endangered sea turtles a new life #WorldOceansDay https://t.co/hA4z3vuBhX https://t.co/a5UL82Ep34",43
271,0.0,0.0,0.0,0.0,@CNN,2018-06-08 20:49:21,@Beantownump @MtnMD @CNN @nbc @CBS @ABC @NPR @USATODAY @PBS @Reuters @AP @WSJ @FoxNews @NatEnquirer While they perp‚Ä¶ https://t.co/aytsWLtmXX,44
272,0.0,0.0,0.0,0.0,@CNN,2018-06-08 20:49:21,@CNN Surreal,45
273,-0.5994,0.163,0.163,0.0,@CNN,2018-06-08 20:49:20,"RT @CNN: Anthony Bourdain's ""Kitchen Confidential"" became Amazon's top-selling book after the chef and television host's death at age 61 ht‚Ä¶",46
274,0.0,0.0,0.0,0.0,@CNN,2018-06-08 20:49:19,@Erictow26391000 @CNN Did he have sex with your wife?,47
275,0.0,0.0,0.0,0.0,@CNN,2018-06-08 20:49:18,@Jobire @Freethi50307748 @CNN Some kicks in your door and you would just let them? that is why the police were there.,48
276,-0.4588,0.234,0.234,0.128,@CNN,2018-06-08 20:49:17,RT @2nde3fizzy: SARS operatives are killing and robbing Nigerian youth and our dearest president @MBuhari has refused to address this issue‚Ä¶,49
277,0.5859,0.064,0.064,0.193,@CNN,2018-06-08 20:49:17,"RT @CNN: Tyler Soloman wiped tears of joy off his face after his father, who'd been deployed overseas, surprised Tyler by showing up at his‚Ä¶",50
278,0.6908,0.081,0.081,0.263,@CNN,2018-06-08 20:49:17,RT @Sifill_LDF: .@NAACP_LDF successfully represented Mr. Ali in the Supreme Court and his conviction was reversed and all charges dismissed‚Ä¶,51
279,-0.7906,0.241,0.241,0.0,@CNN,2018-06-08 20:49:17,RT @CNN: British troops burned down the White House during the War of 1812. Historians note the British attack on Washington was in retalia‚Ä¶,52
280,0.0,0.0,0.0,0.0,@CNN,2018-06-08 20:49:16,RT @CNN: Anthony Bourdain's life in pictures https://t.co/R2yRpCrkAj https://t.co/fYZziCtPI7,53
281,-0.25,0.153,0.153,0.106,@CNN,2018-06-08 20:49:16,@CNN @PrincessBravato I wonder if he will suddenly be stricken with the truth serum about @realdonaldtrump others i‚Ä¶ https://t.co/3KJ4679n3d,54
282,0.0772,0.155,0.155,0.204,@CNN,2018-06-08 20:49:15,"@CNN speaking as a loyal fan of yours, this behavior by a CNN contributor is abhorrent and shouldn‚Äôt be allowed. Th‚Ä¶ https://t.co/lBWO3vHdMs",55
283,0.0,0.0,0.0,0.0,@CNN,2018-06-08 20:49:15,RT @CNN: President Trump is dressed as a king on the new Time magazine cover https://t.co/NxcNy1BWy4 https://t.co/Q2XrjRE4ip,56
284,-0.4939,0.186,0.186,0.0,@CNN,2018-06-08 20:49:15,"Retweeted CNN (@CNN):

A stolen armored personnel carrier led police on a two-hour chase through Virginia‚Ä¶ https://t.co/2om1L5XixW",57
285,-0.0772,0.058,0.058,0.0,@CNN,2018-06-08 20:49:15,RT @Smart3Stacy: #MSM @CNN @MSNBC üëôüëôNo swimsuits for Miss America because it‚Äôs demeaning but women doing porn for a living is empowering. S‚Ä¶,58
286,-0.8271,0.304,0.304,0.073,@CNN,2018-06-08 20:49:14,"RT @CNN: BREAKING: Anthony Bourdain of CNN‚Äôs ‚ÄúParts Unknown‚Äù is dead. The chef, storyteller and Emmy-winning host has committed suicide at‚Ä¶",59
287,0.7378,0.137,0.137,0.332,@CNN,2018-06-08 20:49:13,RT @President1Trump: AMAZING @CNN Does a positive piece of news on @POTUS: 11-year-old cancer survivor Katy was with @POTUS when he signed‚Ä¶,60
288,0.0,0.0,0.0,0.0,@CNN,2018-06-08 20:49:13,RT @CNN: President Trump is dressed as a king on the new Time magazine cover https://t.co/NxcNy1BWy4 https://t.co/Q2XrjRE4ip,61
289,0.0,0.0,0.0,0.0,@CNN,2018-06-08 20:49:12,@CNN They will adapt.,62
290,-0.4847,0.108,0.108,0.0,@CNN,2018-06-08 20:49:11,"RT @CNN: Anthony Bourdain ""gave us a world that we didn't know we needed. He gave us stories of people we didn't know we loved. ... He gave‚Ä¶",63
291,-0.4019,0.278,0.278,0.0,@CNN,2018-06-08 20:49:11,@dogtagcrusch @dppav @clee3575 @CNN It's Mike Tomlin's fault,64
292,0.4215,0.0,0.0,0.109,@CNN,2018-06-08 20:49:11,"RT @CNN: President Trump says the Coast Guard rescued people who ""went out in their boats to watch"" Hurricane Harvey. Local officials -- in‚Ä¶",65
293,0.0,0.0,0.0,0.0,@CNN,2018-06-08 20:49:11,@realDonaldTrump #manafort squeal little piggy  @CNN,66
294,0.0,0.0,0.0,0.0,@CNN,2018-06-08 20:49:10,"@CNN 5ht deployment in Kosovo? What the US is doing in Kosovo? ""protecting human rights"" or strategically securing‚Ä¶ https://t.co/PxTvQtjtT1",67
295,-0.5574,0.175,0.175,0.0,@CNN,2018-06-08 20:49:10,"@vocaldistrict @realDonaldTrump @CNN @BBCPolitics @SkyNews Here, Trump doesnt even know and he just spews shit to s‚Ä¶ https://t.co/iKiEOo5wP5",68
296,0.5859,0.064,0.064,0.193,@CNN,2018-06-08 20:49:09,"RT @CNN: Tyler Soloman wiped tears of joy off his face after his father, who'd been deployed overseas, surprised Tyler by showing up at his‚Ä¶",69
297,0.5994,0.0,0.0,0.494,@CNN,2018-06-08 20:49:08,@CNN Aww that's beautiful xx,70
298,-0.8271,0.304,0.304,0.073,@CNN,2018-06-08 20:49:08,"RT @CNN: BREAKING: Anthony Bourdain of CNN‚Äôs ‚ÄúParts Unknown‚Äù is dead. The chef, storyteller and Emmy-winning host has committed suicide at‚Ä¶",71
299,0.34,0.0,0.0,0.094,@CNN,2018-06-08 20:49:07,RT @CNN: Former President Obama says he‚Äôll always remember the meal he shared with Anthony Bourdain in Vietnam: ‚ÄúHe taught us about food ‚Äî‚Ä¶,72
300,-0.7003,0.216,0.216,0.0,@CNN,2018-06-08 20:49:05,@CNN Seriously CNN and Fox are the worst news networks these days. Can‚Äôt you write about news going on In the world‚Ä¶ https://t.co/YOdruqBSdj,73
301,0.25,0.0,0.0,0.1,@CNN,2018-06-08 20:49:05,@G0dI0w @BreakandEnterTV @CNN It further stated: ‚ÄúPlease also be aware that if you were to be granted a presidentia‚Ä¶ https://t.co/NQjMICxwDG,74
302,0.6249,0.0,0.0,0.313,@CNN,2018-06-08 20:49:05,"@CNN Now ends the reign of Obama, the Great Divider....",75
303,-0.296,0.191,0.191,0.105,@CNN,2018-06-08 20:49:05,"RT @CNN: Krill are critical to the fight against climate change: These tiny creatures help capture carbon dioxide, offsetting the emissions‚Ä¶",76
304,0.0,0.0,0.0,0.0,@CNN,2018-06-08 20:49:02,RT @CNN: President Trump is dressed as a king on the new Time magazine cover https://t.co/NxcNy1BWy4 https://t.co/Q2XrjRE4ip,77
305,0.8279,0.0,0.0,0.794,@CNN,2018-06-08 20:49:02,@CNN Awesome.  So nice.,78
306,0.2263,0.0,0.0,0.106,@CNN,2018-06-08 20:49:02,@EvanBenn @VoteMrTrump2016 @Bourdain @TheFoxTheatre He was a real talent but surrounded by people @CNN who did not‚Ä¶ https://t.co/F4ZMZd1zst,79
307,-0.4939,0.186,0.186,0.0,@CNN,2018-06-08 20:49:01,RT @CNN: A stolen armored personnel carrier led police on a two-hour chase through Virginia https://t.co/adapbHpfj7 https://t.co/e4cTyKhNP6,80
308,0.6908,0.081,0.081,0.263,@CNN,2018-06-08 20:49:01,RT @Sifill_LDF: .@NAACP_LDF successfully represented Mr. Ali in the Supreme Court and his conviction was reversed and all charges dismissed‚Ä¶,81
309,-0.8271,0.304,0.304,0.073,@CNN,2018-06-08 20:49:01,"RT @CNN: BREAKING: Anthony Bourdain of CNN‚Äôs ‚ÄúParts Unknown‚Äù is dead. The chef, storyteller and Emmy-winning host has committed suicide at‚Ä¶",82
310,0.0087,0.245,0.245,0.247,@CNN,2018-06-08 20:49:01,"@CNN I loved him, never knew his soul was so troubled.",83
311,-0.7371,0.358,0.358,0.221,@CNN,2018-06-08 20:49:00,@CNN CONSIDERING SUICIDE? DON'T SUFFER IN SILENCE! GET CONFIDENTIAL HELP NOW! CALL THE NATIONAL SUICIDE PREVENTION‚Ä¶ https://t.co/dxDH5HWTfD,84
312,0.0,0.0,0.0,0.0,@CNN,2018-06-08 20:49:00,@KaraScannell You need a job!  @CNN is a network that Nobody watches because its ALL (100%) #FakeNews,85
313,0.8271,0.0,0.0,0.293,@CNN,2018-06-08 20:48:59,RT @NijaActivist: Finally this Sars Guy got to my best friend today #EndSars Story so long but I‚Äôm glad he‚Äôs Out @segalink @BBCBreaking @BB‚Ä¶,86
314,0.0,0.0,0.0,0.0,@CNN,2018-06-08 20:48:59,RT @CNN: Anthony Bourdain saw the humanity in all of us | via @CNNopinion https://t.co/XxMBC10wRg https://t.co/ILwDpX94Bd,87
315,-0.5994,0.163,0.163,0.0,@CNN,2018-06-08 20:48:59,"RT @CNN: Anthony Bourdain's ""Kitchen Confidential"" became Amazon's top-selling book after the chef and television host's death at age 61 ht‚Ä¶",88
316,0.3802,0.0,0.0,0.132,@CNN,2018-06-08 20:48:59,@granvillepoet @CNN They probably have a fucking parade and rent a billboard to let everyone know how cool they are!,89
317,-0.3612,0.2,0.2,0.0,@CNN,2018-06-08 20:48:58,@CNN @CillizzaCNN This level of ignorance is why romey isn't president.SMH,90
318,-0.0772,0.058,0.058,0.0,@CNN,2018-06-08 20:48:57,RT @Smart3Stacy: #MSM @CNN @MSNBC üëôüëôNo swimsuits for Miss America because it‚Äôs demeaning but women doing porn for a living is empowering. S‚Ä¶,91
319,-0.296,0.091,0.091,0.0,@CNN,2018-06-08 20:48:57,"@CNN Trump is doing an exceptional job, and the MEDIA can't stand it. The Mueller thing has gone no where, and now‚Ä¶ https://t.co/OILeAfsUih",92
320,0.5859,0.0,0.0,0.211,@CNN,2018-06-08 20:48:56,"RT @kbdavis07: @ezbruin @gregolear @DearAuntCrabby @seanhannity @CNN @MSNBC Did you actually watch the video clear as day a joke, now what‚Ä¶",93
321,-0.3182,0.187,0.187,0.0,@CNN,2018-06-08 20:48:55,@DBloom451 @CNN Maybe they confused your office with an airport lounge.,94
322,-0.4404,0.303,0.303,0.177,@CNN,2018-06-08 20:48:54,@CNN It's a shame ppl have to die to be recognized for how great they were,95
323,0.0,0.0,0.0,0.0,@CNN,2018-06-08 20:48:54,@CNN @NBCNews @ABC @FoxNews @thomsonreuters @CBSNews @BBCWorld @CBCNews https://t.co/uZ6MJwM5rS,96
324,0.0,0.0,0.0,0.0,@CNN,2018-06-08 20:48:53,@ebeyslew_patty @peterdaou On @CNN this week @DineshDSouza actually called President Obama a NARCISSIST a couple of‚Ä¶ https://t.co/b6WgJVAHjL,97
325,0.5267,0.0,0.0,0.306,@CNN,2018-06-08 20:48:53,@CNN Well at least the magazine made him look slimmer.  Flattering photo.,98
326,0.5859,0.064,0.064,0.193,@CNN,2018-06-08 20:48:53,"RT @CNN: Tyler Soloman wiped tears of joy off his face after his father, who'd been deployed overseas, surprised Tyler by showing up at his‚Ä¶",99
327,-0.296,0.151,0.151,0.0,@CNN,2018-06-08 20:48:51,"RT @CNN: Charles Krauthammer, the famed conservative columnist, informed readers today that he is confronting an aggressive form of cancer‚Ä¶",100
328,0.0,0.0,0.0,0.0,@FoxNews,2018-06-08 20:49:47,RT @DesignationSix: Here are some @FoxNews  and @seanhannity advertisers. Since I have them tagged here they will each get notified every t‚Ä¶,1
329,0.0,0.0,0.0,0.0,@FoxNews,2018-06-08 20:49:46,RT @FoxNews: President @realDonaldTrump calls for probe into claims the Obama administration tried to give Iran access to U.S. banks. https‚Ä¶,2
330,0.0,0.0,0.0,0.0,@FoxNews,2018-06-08 20:49:46,RT @spartanfan8892: @FoxNews @TeamCavuto At what point do you finally stand up for yourself? They rely on us for military protection and th‚Ä¶,3
331,-0.6486,0.235,0.235,0.0,@FoxNews,2018-06-08 20:49:45,"RT @FoxNews: Anthony Bourdain, CNN host and celebrity chef, dead: A look at his career https://t.co/qgessu49v8",4
332,0.2584,0.0,0.0,0.088,@FoxNews,2018-06-08 20:49:44,@FoxNews @TeamCavuto The Trump Administration can't blame spreading families at the boarder on Dems. üëá This is CRUE‚Ä¶ https://t.co/YYswgFcCbV,5
333,0.0,0.0,0.0,0.0,@FoxNews,2018-06-08 20:49:44,RT @ErikaMcdougall: @FoxNews @seanhannity @dbongino OMGGGG‚ÄºÔ∏èJust when you thought Liberals couldn‚Äôt be MORE STUPID‚ÄºÔ∏èThis üëâüèºIDIOTüëàüèº cannot a‚Ä¶,6
334,0.743,0.074,0.074,0.295,@FoxNews,2018-06-08 20:49:43,"RT @FoxNews: Anja Manuel: ""Everyone needs friends, including a powerful country like the U.S. So when we have disputes with our allies and‚Ä¶",7
335,0.6908,0.0,0.0,0.289,@FoxNews,2018-06-08 20:49:41,@HilaryCurtiss @JudgeJeanine @seanhannity @FoxNews You would be better served turning off Fox Entertainment and rea‚Ä¶ https://t.co/4GliZe2546,8
336,-0.6908,0.251,0.251,0.0,@FoxNews,2018-06-08 20:49:40,RT @aspiringinvntor: @Americanist4u @AmazingDouglass @MichaelAvenatti @FoxNews Methinks the GOP should be categorized as a terrorist organi‚Ä¶,9
337,-0.6706,0.164,0.164,0.0,@FoxNews,2018-06-08 20:49:39,"RT @DjLots3: *PUBLIC SERVICE ANNOUNCMENT

HURRY!!! SHEP JUST CAME ON &amp; HAS ALREADY STARTED HIS CRAP!

TV OFF FOR 2 HOURS. CAVUTO ON NEXT TO‚Ä¶",10
338,0.0,0.0,0.0,0.0,@FoxNews,2018-06-08 20:49:38,"@Black_4_Trump @FoxNews @TeamCavuto So, you do get that that means we buy more from them then they buy from us.   W‚Ä¶ https://t.co/NJEqIYLKvm",11
339,0.738,0.0,0.0,0.257,@FoxNews,2018-06-08 20:49:38,"RT @FoxNews: .@POTUS: ‚ÄúYou can not leak classified information. At the same time, we need freedom of the press.‚Äù https://t.co/DF8GvABvLi",12
340,0.0,0.0,0.0,0.0,@FoxNews,2018-06-08 20:49:38,@FoxNews @RevJJackson @POTUS @Eagles @IngrahamAngle Jesse go back to sleep,13
341,0.0,0.0,0.0,0.0,@FoxNews,2018-06-08 20:49:36,@DjLots3 @FoxNews @FoxNews,14
342,0.0,0.0,0.0,0.0,@FoxNews,2018-06-08 20:49:36,@DailyCaller @gailtalk @mmfa @FoxNews @seanhannity Soros,15
343,0.0,0.0,0.0,0.0,@FoxNews,2018-06-08 20:49:36,RT @RealOmarNavarro: I‚Äôm officially the candidate going against Maxine Waters in the November 6th election. It‚Äôs time for @FoxNews to give‚Ä¶,16
344,0.0,0.0,0.0,0.0,@FoxNews,2018-06-08 20:49:35,RT @RealOmarNavarro: I‚Äôm officially the candidate going against Maxine Waters in the November 6th election. It‚Äôs time for @FoxNews to give‚Ä¶,17
345,0.0,0.0,0.0,0.0,@FoxNews,2018-06-08 20:49:35,RT @RealOmarNavarro: I‚Äôm officially the candidate going against Maxine Waters in the November 6th election. It‚Äôs time for @FoxNews to give‚Ä¶,18
346,0.4767,0.0,0.0,0.194,@FoxNews,2018-06-08 20:49:35,"So, will @Kaepernick7 get an invite, Mr. President? @realDonaldTrump 
We would like to hear the discussion on live‚Ä¶ https://t.co/6sKtnUplOS",19
347,-0.6706,0.164,0.164,0.0,@FoxNews,2018-06-08 20:49:35,"RT @DjLots3: *PUBLIC SERVICE ANNOUNCMENT

HURRY!!! SHEP JUST CAME ON &amp; HAS ALREADY STARTED HIS CRAP!

TV OFF FOR 2 HOURS. CAVUTO ON NEXT TO‚Ä¶",20
348,0.4404,0.0,0.0,0.127,@FoxNews,2018-06-08 20:49:34,"RT @HJTrinity: @FoxNews @TeamCavuto WHAT? For years, our so-called 'allies' stole from us. Friendship is a 2-way street. For decades we gav‚Ä¶",21
349,0.8268,0.0,0.0,0.216,@FoxNews,2018-06-08 20:49:33,"RT @FoxNews: ""I'm just really happy that he has put this out so that he can see how much the world loves him and how much he changed the wo‚Ä¶",22
350,0.0,0.0,0.0,0.0,@FoxNews,2018-06-08 20:49:32,RT @RealOmarNavarro: I‚Äôm officially the candidate going against Maxine Waters in the November 6th election. It‚Äôs time for @FoxNews to give‚Ä¶,23
351,-0.5574,0.159,0.159,0.0,@FoxNews,2018-06-08 20:49:32,"RT @FoxNews: Philly mayor dances after sanctuary city ruling, despite past crimes in the city tied to illegal immigrants. https://t.co/93PX‚Ä¶",24
352,0.0,0.0,0.0,0.0,@FoxNews,2018-06-08 20:49:32,RT @FoxNews: .@facebook slammed ahead of @sherylsandberg's @MIT commencement address https://t.co/7P0DD6fMh9,25
353,0.2023,0.0,0.0,0.087,@FoxNews,2018-06-08 20:49:31,RT @RaymondArroyo: Tune into the @IngrahamAngle for Friday Follies when we discuss a gym rampage and a pair of unbelievable museum exhibits‚Ä¶,26
354,-0.8957,0.454,0.454,0.0,@FoxNews,2018-06-08 20:49:31,"RT @FoxNews: Illegal immigrant found guilty of killing a Kansas mom, kidnapping her 6-day old baby. https://t.co/R34a5h57Ds",27
355,-0.3034,0.131,0.131,0.083,@FoxNews,2018-06-08 20:49:30,"RT @SebGorka: Well it happened.

Just before midnight I finished my second book:

       WHY WE FIGHT

Now off to Singapore to cover @realD‚Ä¶",28
356,-0.4939,0.167,0.167,0.0,@FoxNews,2018-06-08 20:49:30,@NJ_Investigator @FoxNews Perhaps one day he will become a victim of one of these illegals and he‚Äôll quickly change his ignorant mind üò°,29
357,0.743,0.074,0.074,0.295,@FoxNews,2018-06-08 20:49:30,"RT @FoxNews: Anja Manuel: ""Everyone needs friends, including a powerful country like the U.S. So when we have disputes with our allies and‚Ä¶",30
358,0.0,0.0,0.0,0.0,@FoxNews,2018-06-08 20:49:29,RT @DesignationSix: Here are some @FoxNews  and @seanhannity advertisers. Since I have them tagged here they will each get notified every t‚Ä¶,31
359,0.0,0.0,0.0,0.0,@FoxNews,2018-06-08 20:49:29,RT @RealOmarNavarro: I‚Äôm officially the candidate going against Maxine Waters in the November 6th election. It‚Äôs time for @FoxNews to give‚Ä¶,32
360,-0.6706,0.164,0.164,0.0,@FoxNews,2018-06-08 20:49:28,"RT @DjLots3: *PUBLIC SERVICE ANNOUNCMENT

HURRY!!! SHEP JUST CAME ON &amp; HAS ALREADY STARTED HIS CRAP!

TV OFF FOR 2 HOURS. CAVUTO ON NEXT TO‚Ä¶",33
361,0.0,0.0,0.0,0.0,@FoxNews,2018-06-08 20:49:28,@CNN @CBS @NBC @FoxNews @CNBC @MSNBC How Carter Page got tangled up in the Russian web https://t.co/3UPnYAxK2C,34
362,0.0,0.0,0.0,0.0,@FoxNews,2018-06-08 20:49:27,@Only1Trickster @SebGorka @realDonaldTrump @FoxNews @seanhannity @Regnery I am not from around here. I am uninforme‚Ä¶ https://t.co/8Yydi2a8Wu,35
363,-0.4939,0.198,0.198,0.0,@FoxNews,2018-06-08 20:49:27,"@RepLeeZeldin @realDonaldTrump @FoxNews @BillHemmer Insulting our closest allies France, Germany and Canada?  {ropo‚Ä¶ https://t.co/c8bJlfZWL1",36
364,0.743,0.074,0.074,0.295,@FoxNews,2018-06-08 20:49:27,"RT @FoxNews: Anja Manuel: ""Everyone needs friends, including a powerful country like the U.S. So when we have disputes with our allies and‚Ä¶",37
365,0.8885,0.0,0.0,0.365,@FoxNews,2018-06-08 20:49:24,"RT @AnthemRespect: Thanks for the heads up 
#ShepardSmith - NOW WE KNOW WHAT NOT TO WATCH.

Now please @FoxNews, for the love of God, will‚Ä¶",38
366,0.296,0.116,0.116,0.214,@FoxNews,2018-06-08 20:49:23,"@FoxBusiness @FoxNews Thank you, LTC Peters. We desperately need more patriots willing to speak truth to power.‚Ä¶ https://t.co/7PFnQOvc6Q",39
367,-0.4588,0.158,0.158,0.0,@FoxNews,2018-06-08 20:49:21,RT @FoxNews: Fox News analyst Charles Krauthammer reveals he has weeks to live in heartbreaking letter https://t.co/dzYQOewGoj,40
368,0.6249,0.0,0.0,0.212,@FoxNews,2018-06-08 20:49:21,RT @SaraCarterDC: We will be discussing this and more with @seanhannity @FoxNews @GreggJarrett tonight 9 p.m. EST hope you join us https://‚Ä¶,41
369,0.0,0.0,0.0,0.0,@FoxNews,2018-06-08 20:49:21,@Beantownump @MtnMD @CNN @nbc @CBS @ABC @NPR @USATODAY @PBS @Reuters @AP @WSJ @FoxNews @NatEnquirer While they perp‚Ä¶ https://t.co/aytsWLtmXX,42
370,0.8268,0.0,0.0,0.216,@FoxNews,2018-06-08 20:49:21,"RT @FoxNews: ""I'm just really happy that he has put this out so that he can see how much the world loves him and how much he changed the wo‚Ä¶",43
371,0.0,0.0,0.0,0.0,@FoxNews,2018-06-08 20:49:20,RT @FoxNews: .@POTUS participates in a G7 working session https://t.co/2xyuIy040U,44
372,0.2732,0.0,0.0,0.129,@FoxNews,2018-06-08 20:49:20,"RT @FoxNews: .@kevincorke: ""The U.S.'s GDP is expected to top $20 trillion this year - and for perspective, that 20 trillion number is more‚Ä¶",45
373,0.2577,0.148,0.148,0.229,@FoxNews,2018-06-08 20:49:20,RT @FoxNews: NEWS ALERT: New protests along Israel-Gaza border. https://t.co/qv0nacAqoy,46
374,0.0,0.0,0.0,0.0,@FoxNews,2018-06-08 20:49:19,@FoxNews @POTUS Why should Russia be in the meeting? India and Brazil have bigger economies. And are democracies,47
375,0.6249,0.0,0.0,0.317,@FoxNews,2018-06-08 20:49:18,RT @JudgeJeanine: I'll join @seanhannity tonight. Hope you'll tune in - @FoxNews at 9p.,48
376,0.8268,0.0,0.0,0.216,@FoxNews,2018-06-08 20:49:17,"RT @FoxNews: ""I'm just really happy that he has put this out so that he can see how much the world loves him and how much he changed the wo‚Ä¶",49
377,0.0,0.0,0.0,0.0,@FoxNews,2018-06-08 20:49:17,RT @FoxNews: President @realDonaldTrump calls for probe into claims the Obama administration tried to give Iran access to U.S. banks. https‚Ä¶,50
378,0.5707,0.0,0.0,0.251,@FoxNews,2018-06-08 20:49:17,RT @LindaBuysHouses: @RealOmarNavarro @FoxNews @RepMaxineWaters @TuckerCarlson @seanhannity @JudgeJeanine @IngrahamAngle Congrats Omar!  We‚Ä¶,51
379,-0.8591,0.543,0.543,0.0,@FoxNews,2018-06-08 20:49:17,@FallingdownAl @FoxNews @RickLeventhal @TeamCavuto I'm for protesting the Fascist Fake President.,52
380,0.6249,0.0,0.0,0.317,@FoxNews,2018-06-08 20:49:17,RT @JudgeJeanine: I'll join @seanhannity tonight. Hope you'll tune in - @FoxNews at 9p.,53
381,-0.3034,0.131,0.131,0.083,@FoxNews,2018-06-08 20:49:17,"RT @SebGorka: Well it happened.

Just before midnight I finished my second book:

       WHY WE FIGHT

Now off to Singapore to cover @realD‚Ä¶",54
382,0.0,0.0,0.0,0.0,@FoxNews,2018-06-08 20:49:16,@NorthCaliGrl @FKASugarBouvier @DJdukesII @ElisaMorris712 @MiaJFletcher @Alyssa_Milano @realDonaldTrump @FoxNews‚Ä¶ https://t.co/lAWKQtc0wk,55
383,-0.3034,0.131,0.131,0.083,@FoxNews,2018-06-08 20:49:15,"RT @SebGorka: Well it happened.

Just before midnight I finished my second book:

       WHY WE FIGHT

Now off to Singapore to cover @realD‚Ä¶",56
384,0.0,0.0,0.0,0.0,@FoxNews,2018-06-08 20:49:15,RT @RealOmarNavarro: I‚Äôm officially the candidate going against Maxine Waters in the November 6th election. It‚Äôs time for @FoxNews to give‚Ä¶,57
385,0.891,0.0,0.0,0.371,@FoxNews,2018-06-08 20:49:15,"RT @FoxNews: .@kayleighmcenany: ""@FLOTUS has the trust and the love of the American people - she has a 57% approval rating. Meanwhile, the‚Ä¶",58
386,0.6249,0.0,0.0,0.317,@FoxNews,2018-06-08 20:49:15,RT @JudgeJeanine: I'll join @seanhannity tonight. Hope you'll tune in - @FoxNews at 9p.,59
387,0.0,0.0,0.0,0.0,@FoxNews,2018-06-08 20:49:13,RT @FoxNews: GDP estimates in trillions of U.S. dollars. https://t.co/H7EyKoUvVc,60
388,0.0,0.0,0.0,0.0,@FoxNews,2018-06-08 20:49:13,RT @RealOmarNavarro: I‚Äôm officially the candidate going against Maxine Waters in the November 6th election. It‚Äôs time for @FoxNews to give‚Ä¶,61
389,0.0,0.0,0.0,0.0,@FoxNews,2018-06-08 20:49:12,RT @DesignationSix: Here are some @FoxNews  and @seanhannity advertisers. Since I have them tagged here they will each get notified every t‚Ä¶,62
390,-0.296,0.196,0.196,0.0,@FoxNews,2018-06-08 20:49:11,@FoxNews I prefer unsweetwned almond milk which is lower in carbs,63
391,0.4019,0.0,0.0,0.403,@FoxNews,2018-06-08 20:49:11,@JudgeJeanine @seanhannity @FoxNews Yes I will,64
392,-0.7269,0.234,0.234,0.0,@FoxNews,2018-06-08 20:49:11,"RT @OliverMcGee: .@FoxNews Charles Krauthammer reveals he has weeks to live in his heartbreaking letter üåπ.

I‚Äôm sad to read Charles‚Äô letter‚Ä¶",65
393,0.0,0.0,0.0,0.0,@FoxNews,2018-06-08 20:49:11,"@IGunry @FoxNews @TeamCavuto Make it or break it, Too late to change now. The worms are out of the can and there's‚Ä¶ https://t.co/jeX3ykWN9Z",66
394,0.0,0.0,0.0,0.0,@FoxNews,2018-06-08 20:49:11,"@GOPüá∑üá∫Gov‚Äôt of Putin

@seanhannity üá∑üá∫
@TuckerCarlson üá∑üá∫
@FoxNews üá∑üá∫
@foxandfriends üá∑üá∫
@IngrahamAngle üá∑üá∫‚Ä¶ https://t.co/m9l8oflIqu",67
395,-0.7351,0.279,0.279,0.107,@FoxNews,2018-06-08 20:49:10,RT @DailyCaller: Media Matters (@mmfa) has launched a new dishonest attack on @FoxNews' @seanhannity and now journalists and liberal activi‚Ä¶,68
396,0.6249,0.0,0.0,0.212,@FoxNews,2018-06-08 20:49:10,RT @SaraCarterDC: We will be discussing this and more with @seanhannity @FoxNews @GreggJarrett tonight 9 p.m. EST hope you join us https://‚Ä¶,69
397,0.0,0.0,0.0,0.0,@FoxNews,2018-06-08 20:49:09,RT @RealOmarNavarro: I‚Äôm officially the candidate going against Maxine Waters in the November 6th election. It‚Äôs time for @FoxNews to give‚Ä¶,70
398,-0.3818,0.148,0.148,0.0,@FoxNews,2018-06-08 20:49:08,"@chris_schibler @FoxNews @TeamCavuto It appears that you are misinformed.
It's unquestionably verifiable (even on F‚Ä¶ https://t.co/pQC88vV431",71
399,0.0,0.0,0.0,0.0,@FoxNews,2018-06-08 20:49:08,RT @RealOmarNavarro: I‚Äôm officially the candidate going against Maxine Waters in the November 6th election. It‚Äôs time for @FoxNews to give‚Ä¶,72
400,0.0,0.0,0.0,0.0,@FoxNews,2018-06-08 20:49:07,RT @RealOmarNavarro: I‚Äôm officially the candidate going against Maxine Waters in the November 6th election. It‚Äôs time for @FoxNews to give‚Ä¶,73
401,0.6249,0.0,0.0,0.212,@FoxNews,2018-06-08 20:49:07,RT @SaraCarterDC: We will be discussing this and more with @seanhannity @FoxNews @GreggJarrett tonight 9 p.m. EST hope you join us https://‚Ä¶,74
402,-0.6706,0.164,0.164,0.0,@FoxNews,2018-06-08 20:49:07,"RT @DjLots3: *PUBLIC SERVICE ANNOUNCMENT

HURRY!!! SHEP JUST CAME ON &amp; HAS ALREADY STARTED HIS CRAP!

TV OFF FOR 2 HOURS. CAVUTO ON NEXT TO‚Ä¶",75
403,-0.6597,0.206,0.206,0.0,@FoxNews,2018-06-08 20:49:07,"@FoxNews @POTUS @ShepNewsTeam Russian journalists and whistle blowers get murdered left and right.
It is widely ass‚Ä¶ https://t.co/tjvbMzhM8l",76
404,-0.7964,0.321,0.321,0.0,@FoxNews,2018-06-08 20:49:06,"RT @FoxNews: .@MSNBC's @JoyAnnReid threatened colleague with violence, was homophobic during her radio days, ex-bosses say https://t.co/GMS‚Ä¶",77
405,0.6249,0.0,0.0,0.194,@FoxNews,2018-06-08 20:49:06,RT @FoxNews: .@POTUS: ‚ÄúI thought Kim Kardashian was great because she brought Alice to my attention.‚Äù https://t.co/i480B6s5It https://t.co/‚Ä¶,78
406,0.0,0.0,0.0,0.0,@FoxNews,2018-06-08 20:49:05,"@FoxNews @POTUS It's a meeting for industrial nations, not militaristic and imperialist nations. They have their meetings in your hotels.",79
407,-0.0258,0.129,0.129,0.124,@FoxNews,2018-06-08 20:49:04,"@FoxNews @RickLeventhal @TeamCavuto Thank you, LTC Peters. We desperately need more patriots willing to speak truth‚Ä¶ https://t.co/KPj0iNsijx",80
408,0.5983,0.0,0.0,0.197,@FoxNews,2018-06-08 20:49:03,RT @LindaHa29825297: @EntheosShines @FoxNews Exactly what I have been praying! God open his eyes and heart- send someone to give him the Go‚Ä¶,81
409,0.5882,0.0,0.0,0.27,@FoxNews,2018-06-08 20:49:02,"RT @usminority: PLZ RT!! 
See full video and join the #WalkAway movement:
https://t.co/Lh1DFF86Sg
#ThursdayThoughts 
#MakeAmericaGreatAgain‚Ä¶",82
410,-0.4215,0.118,0.118,0.0,@FoxNews,2018-06-08 20:49:02,RT @BuzzPatterson: @FoxNews @BillClinton Do you regret not pulling the trigger on the numerous times we had to capture/kill Bin Laden? Many‚Ä¶,83
411,0.0,0.0,0.0,0.0,@FoxNews,2018-06-08 20:49:00,"RT @FoxNews: ""There is so much to say about Charles Krauthammer.""

Chris Wallace responds to the news that Fox News analyst Charles Krautha‚Ä¶",84
412,0.6249,0.0,0.0,0.317,@FoxNews,2018-06-08 20:49:00,RT @JudgeJeanine: I'll join @seanhannity tonight. Hope you'll tune in - @FoxNews at 9p.,85
413,0.5719,0.0,0.0,0.179,@FoxNews,2018-06-08 20:49:00,"RT @FoxNews: Earlier, @dennisrodman said he is looking forward to President @realDonaldTrump's ""historic success"" at the Singapore summit.‚Ä¶",86
414,0.2732,0.0,0.0,0.139,@FoxNews,2018-06-08 20:48:59,"RT @mikeroweworks: #Class, #guts, and #dignity. 
A #life well #lived.
#Read - https://t.co/5UUqhvoIdD
#CharlesKrauthammer @FoxNews https://‚Ä¶",87
415,-0.4588,0.158,0.158,0.0,@FoxNews,2018-06-08 20:48:58,RT @FoxNews: Fox News analyst Charles Krauthammer reveals he has weeks to live in heartbreaking letter https://t.co/dzYQOewGoj,88
416,0.0,0.0,0.0,0.0,@FoxNews,2018-06-08 20:48:58,@FoxNews @RickLeventhal @TeamCavuto  https://t.co/DqtTs0Fxzt,89
417,0.4708,0.0,0.0,0.161,@FoxNews,2018-06-08 20:48:57,@FoxNews I cannot imagine a more horrible place than a conservative summit. I keep waiting for banjos to start play‚Ä¶ https://t.co/NE5iv5v3yl,90
418,-0.5859,0.147,0.147,0.0,@FoxNews,2018-06-08 20:48:56,"@FoxNews @POTUS @ShepNewsTeam Bullshit. Were that the case, he would NOT be going out of his way at every turn to d‚Ä¶ https://t.co/DI79oIpayO",91
419,-0.3612,0.163,0.163,0.093,@FoxNews,2018-06-08 20:48:56,"@NaomisDaughter @Scotzgrad @FoxNews @POTUS Fox News is the enemy, not Trump. He's their stooge. 

They created Trum‚Ä¶ https://t.co/js4q2vNcDr",92
420,0.0,0.0,0.0,0.0,@FoxNews,2018-06-08 20:48:56,RT @RealOmarNavarro: I‚Äôm officially the candidate going against Maxine Waters in the November 6th election. It‚Äôs time for @FoxNews to give‚Ä¶,93
421,0.807,0.0,0.0,0.327,@FoxNews,2018-06-08 20:48:55,"@krauthammer one of the truly great columnists of our time, he has few peers! #tcot @FoxNews  https://t.co/r0YJEmgquR",94
422,0.4404,0.0,0.0,0.592,@FoxNews,2018-06-08 20:48:55,@FoxNews Good man,95
423,-0.0772,0.134,0.134,0.113,@FoxNews,2018-06-08 20:48:55,"@Gina660 @FoxNews Please tired of this , but hear in Florida finely got medical.",96
424,0.9201,0.0,0.0,0.468,@FoxNews,2018-06-08 20:48:54,"RT @KMGGaryde: Charles, the Fox family thanks you for your nightly brilliant insightful responses with integrity &amp; humor on Special Report.‚Ä¶",97
425,0.0,0.0,0.0,0.0,@FoxNews,2018-06-08 20:48:54,RT @cis206: @Waggingtails60 @Queen_Puabi @DailyCaller @mmfa @FoxNews @seanhannity  https://t.co/DVPzVBJz0s,98
426,0.0,0.0,0.0,0.0,@FoxNews,2018-06-08 20:48:54,@CNN @NBCNews @ABC @FoxNews @thomsonreuters @CBSNews @BBCWorld @CBCNews https://t.co/uZ6MJwM5rS,99
427,0.2732,0.0,0.0,0.129,@FoxNews,2018-06-08 20:48:54,"RT @FoxNews: .@kevincorke: ""The U.S.'s GDP is expected to top $20 trillion this year - and for perspective, that 20 trillion number is more‚Ä¶",100
428,0.0,0.0,0.0,0.0,@nytimes,2018-06-08 20:49:49,"RT @nytimes: Suicides may beget other suicides, researchers have found, but only among those already contemplating taking their own lives h‚Ä¶",1
429,0.0,0.0,0.0,0.0,@nytimes,2018-06-08 20:49:49,@nytimes Thin the herd.,2
430,0.0,0.0,0.0,0.0,@nytimes,2018-06-08 20:49:49,"RT @nytimes: Suicides may beget other suicides, researchers have found, but only among those already contemplating taking their own lives h‚Ä¶",3
431,0.0,0.0,0.0,0.0,@nytimes,2018-06-08 20:49:46,@indautxukoa @lalabern78 @SkyNews @BBCWorld @CNNPolitics @Reuters @nytimes @ActualidadRT @lemondefr @Europarl_EN‚Ä¶ https://t.co/93UMEY0jbl,4
432,0.0,0.0,0.0,0.0,@nytimes,2018-06-08 20:49:46,"RT @nytimes: Suicides may beget other suicides, researchers have found, but only among those already contemplating taking their own lives h‚Ä¶",5
433,0.0,0.0,0.0,0.0,@nytimes,2018-06-08 20:49:46,"RT @bcnviafora_eng: Largest Catalan secessionist association claims Cervantes and Shakespeare were the same person and was from the ""Catala‚Ä¶",6
434,0.0,0.0,0.0,0.0,@nytimes,2018-06-08 20:49:45,"RT @nytimes: Suicides may beget other suicides, researchers have found, but only among those already contemplating taking their own lives h‚Ä¶",7
435,-0.3818,0.191,0.191,0.0,@nytimes,2018-06-08 20:49:45,"Robert Mandan, Philandering Husband on ‚ÄòSoap,‚Äô Dies at 86
https://t.co/aVWkXDzKYZ via @nytimes",8
436,0.0,0.0,0.0,0.0,@nytimes,2018-06-08 20:49:44,"RT @nytimes: Suicides may beget other suicides, researchers have found, but only among those already contemplating taking their own lives h‚Ä¶",9
437,0.3182,0.0,0.0,0.161,@nytimes,2018-06-08 20:49:39,"@michelleinbklyn @RepMaxineWaters @RepAlGreen @TomSteyer Please rally fellow columnists, including the @nytimes Edi‚Ä¶ https://t.co/H0SCz2upS9",10
438,0.0,0.0,0.0,0.0,@nytimes,2018-06-08 20:49:38,"RT @nytimes: Suicides may beget other suicides, researchers have found, but only among those already contemplating taking their own lives h‚Ä¶",11
439,0.0,0.0,0.0,0.0,@nytimes,2018-06-08 20:49:36,RT @MAHP1804: @srel6009 @ph44tum @lic_ramonhdz @mjcastillejos @monerohernandez @AztecaNoticias @RicardoAnayaC @Cruzamaranta @nytimes @sophi‚Ä¶,12
440,0.3321,0.0,0.0,0.228,@nytimes,2018-06-08 20:49:36,@nytimes Hillarycides usually lead to more Hillarycides as well.,13
441,0.0,0.0,0.0,0.0,@nytimes,2018-06-08 20:49:35,"RT @nytimes: Suicides may beget other suicides, researchers have found, but only among those already contemplating taking their own lives h‚Ä¶",14
442,0.8718,0.0,0.0,0.473,@nytimes,2018-06-08 20:49:33,@carlahall thank you for supporting @RashadJennings' book. It made the @nytimes best seller list!,15
443,0.0,0.0,0.0,0.0,@nytimes,2018-06-08 20:49:32,"RT @nytimes: Suicides may beget other suicides, researchers have found, but only among those already contemplating taking their own lives h‚Ä¶",16
444,-0.34,0.124,0.124,0.0,@nytimes,2018-06-08 20:49:31,"RT @ChristopherHull: As the EVP of @SecureFreedom, I call for @NYTimes' @deanbaquet to fire @jugalpatelNYT immediately for his anti-militar‚Ä¶",17
445,0.0,0.0,0.0,0.0,@nytimes,2018-06-08 20:49:24,@purplerainmaybe @snoopy73w @nytimes That's probably a big part of it--people aren't around to be with one another.‚Ä¶ https://t.co/mGeTo1iTf1,18
446,0.0,0.0,0.0,0.0,@nytimes,2018-06-08 20:49:22,"RT @nytimes: Suicides may beget other suicides, researchers have found, but only among those already contemplating taking their own lives h‚Ä¶",19
447,0.7284,0.0,0.0,0.242,@nytimes,2018-06-08 20:49:21,WOW!   Hmmm.. won‚Äôt be getting The NY Times anymore at the store! @washingtonpost @nytimes @AirForceTimes @USNavy‚Ä¶ https://t.co/P4nqxyE0GK,20
448,-0.5574,0.146,0.146,0.0,@nytimes,2018-06-08 20:49:21,"RT @nytimes: Breaking News: Anthony Bourdain, whose memoir about the dark corners of New York‚Äôs restaurants started a TV career, died at 61‚Ä¶",21
449,0.0772,0.0,0.0,0.056,@nytimes,2018-06-08 20:49:19,"RT @nytimes: In November 2017, @nytimesbooks asked Anthony Bourdain who he'd want to write his life story. His response? ""I already wrote i‚Ä¶",22
450,0.7351,0.0,0.0,0.237,@nytimes,2018-06-08 20:49:15,"RT @JohnRLottJr: Wow, is this an admission of how @aliwatkins viewed her relationship with James Wolfe, the former security director for th‚Ä¶",23
451,-0.128,0.067,0.067,0.0,@nytimes,2018-06-08 20:49:15,"RT @nytimes: ""Anthony Bourdain entered the literary stage with an inside tip, delivered in the gruff whisper of a racetrack tout: Don‚Äôt ord‚Ä¶",24
452,0.0,0.0,0.0,0.0,@nytimes,2018-06-08 20:49:12,"RT @nytimes: Suicides may beget other suicides, researchers have found, but only among those already contemplating taking their own lives h‚Ä¶",25
453,-0.7579,0.395,0.395,0.0,@nytimes,2018-06-08 20:49:12,"@JohnRLottJr @nytimes @AliWatkins Sorry, it was sarcasm (I've often been accused of underuse of emojis). üòû",26
454,0.0,0.0,0.0,0.0,@nytimes,2018-06-08 20:49:11,@nytimes They say celebrity deaths come in threes. Two so far. Maybe Rosanne will be the third.,27
455,0.0,0.0,0.0,0.0,@nytimes,2018-06-08 20:49:11,@nytimes Another reporter we will be reading about on the news in a few years?,28
456,0.0,0.0,0.0,0.0,@nytimes,2018-06-08 20:49:11,"RT @nytimes: Suicides may beget other suicides, researchers have found, but only among those already contemplating taking their own lives h‚Ä¶",29
457,0.0,0.0,0.0,0.0,@nytimes,2018-06-08 20:49:10,"RT @nytimes: Suicides may beget other suicides, researchers have found, but only among those already contemplating taking their own lives h‚Ä¶",30
458,-0.128,0.067,0.067,0.0,@nytimes,2018-06-08 20:49:09,"RT @nytimes: ""Anthony Bourdain entered the literary stage with an inside tip, delivered in the gruff whisper of a racetrack tout: Don‚Äôt ord‚Ä¶",31
459,-0.9042,0.526,0.526,0.0,@nytimes,2018-06-08 20:49:08,RT @bcnviafora_eng: A man arrested in Reus (Catalonia) charged on threatening with death a non-secessionist polititian https://t.co/mebtQGq‚Ä¶,32
460,0.4215,0.09,0.09,0.191,@nytimes,2018-06-08 20:49:08,"RT @Remroum: What Israel, with @nytimes's help, is trying to do is cast doubt around Razan's innocence. As if her calculated execution was‚Ä¶",33
461,0.0772,0.0,0.0,0.056,@nytimes,2018-06-08 20:49:07,"RT @nytimes: In November 2017, @nytimesbooks asked Anthony Bourdain who he'd want to write his life story. His response? ""I already wrote i‚Ä¶",34
462,0.0,0.0,0.0,0.0,@nytimes,2018-06-08 20:49:05,"RT @nytimes: Suicides may beget other suicides, researchers have found, but only among those already contemplating taking their own lives h‚Ä¶",35
463,0.0,0.0,0.0,0.0,@nytimes,2018-06-08 20:49:01,"RT @nytimes: Suicides may beget other suicides, researchers have found, but only among those already contemplating taking their own lives h‚Ä¶",36
464,-0.4404,0.112,0.112,0.0,@nytimes,2018-06-08 20:49:00,"RT @nytimes: When Jos√©, 5,  landed in Michigan, all he carried was a trash bag stuffed with dirty clothes from his dayslong trek across Mex‚Ä¶",37
465,0.0,0.0,0.0,0.0,@nytimes,2018-06-08 20:48:59,"@nytimes Nyt should do a quick study of cluster suicides.
I think numers are the re",38
466,-0.25,0.154,0.154,0.0,@nytimes,2018-06-08 20:48:56,Former Fox News Analyst Calls Network a ‚ÄòDestructive Propaganda Machine‚Äô   via @NYTimes https://t.co/lJbEND9xR6,39
467,-0.5093,0.295,0.295,0.13,@nytimes,2018-06-08 20:48:54,"@nytimes Sorry, Prime Minister, but hasn't #DonaldTrump made it shamelessly clear he doesn't care about any1 but hi‚Ä¶ https://t.co/SFo04Gc3xu",40
468,-0.5574,0.141,0.141,0.0,@nytimes,2018-06-08 20:48:52,RT @Remroum: There is 0 mention by @nytimes that Razan was simply holding an Israeli teargas canister fired by the Israeli military. And th‚Ä¶,41
469,0.0,0.0,0.0,0.0,@nytimes,2018-06-08 20:48:49,@nytimes And those associated with the cabal.,42
470,-0.6486,0.212,0.212,0.0,@nytimes,2018-06-08 20:48:49,"Anthony Bourdain, Renegade Chef Who Reported From the World‚Äôs Tables, Is Dead at 61   via @NYTimes https://t.co/dV3tQPuLbT",43
471,-0.128,0.067,0.067,0.0,@nytimes,2018-06-08 20:48:49,"RT @nytimes: ""Anthony Bourdain entered the literary stage with an inside tip, delivered in the gruff whisper of a racetrack tout: Don‚Äôt ord‚Ä¶",44
472,0.4404,0.0,0.0,0.132,@nytimes,2018-06-08 20:48:48,"RT @fightinback: @tracybeanz  and even better, tonight the DOJ raided the @nytimes seizing cell phones from reporters, Later INDICTED JAMES‚Ä¶",45
473,-0.34,0.328,0.328,0.203,@nytimes,2018-06-08 20:48:44,RT @nytimes: What to do when a loved one is severely depressed https://t.co/3Qd32EdtdY,46
474,0.0,0.0,0.0,0.0,@nytimes,2018-06-08 20:48:43,RT @sudipmisra: RT @_Achilles_: @GcReforms @FoxNews @CNN @ABC @politico @seattletimes @nytimes @business @thehill @NBCNews @CNBC @ajc @Huff‚Ä¶,47
475,0.0,0.0,0.0,0.0,@nytimes,2018-06-08 20:48:43,"RT @nytimes: Suicides may beget other suicides, researchers have found, but only among those already contemplating taking their own lives h‚Ä¶",48
476,0.0,0.0,0.0,0.0,@nytimes,2018-06-08 20:48:43,"RT @nytimes: Suicides may beget other suicides, researchers have found, but only among those already contemplating taking their own lives h‚Ä¶",49
477,0.0,0.0,0.0,0.0,@nytimes,2018-06-08 20:48:42,"RT @nytimes: Suicides may beget other suicides, researchers have found, but only among those already contemplating taking their own lives h‚Ä¶",50
478,0.296,0.0,0.0,0.109,@nytimes,2018-06-08 20:48:40,These people are a joke.  We've got a Pakistani Spy Ring Waiting For Some Attention @CNN @MSNBC @ABC @WaPo @nytimes‚Ä¶ https://t.co/1KkjJUmjlz,51
479,0.0,0.0,0.0,0.0,@nytimes,2018-06-08 20:48:39,"RT @nytimes: Suicides may beget other suicides, researchers have found, but only among those already contemplating taking their own lives h‚Ä¶",52
480,-0.7964,0.353,0.353,0.0,@nytimes,2018-06-08 20:48:37,@nytimes Only if you are involved in bad shit that will soon be found out.,53
481,-0.2003,0.153,0.153,0.186,@nytimes,2018-06-08 20:48:37,"RT @Doodisgirl: The Hate is Real. The Hypocrisy Astounding! 
(and I apologize for their language)
#NYTimes Reporters:
 ‚ÄúF**k The Military,‚Äù‚Ä¶",54
482,0.7184,0.0,0.0,0.222,@nytimes,2018-06-08 20:48:36,"RT @HereditaryMovie: #HEREDITARY is the scariest film of the year, and also one of the best. @NYTimes Critic's Pick ‚Äî¬†Now Playing In Theate‚Ä¶",55
483,0.0,0.0,0.0,0.0,@nytimes,2018-06-08 20:48:35,RT @GcReforms: Tw4/4 @FoxNews @CNN @ABC @politico @seattletimes @nytimes  @business @thehill @NBCNews  @CNBC @ajc @HuffPost @washingtonpost‚Ä¶,56
484,0.1513,0.0,0.0,0.15,@nytimes,2018-06-08 20:48:34,"@nytimes #MeToo @TIMESUPNOW @SenGillibrand really want to be dominated, too.",57
485,0.0,0.0,0.0,0.0,@nytimes,2018-06-08 20:48:33,@nytimes You think china clones a,58
486,0.4215,0.064,0.064,0.136,@nytimes,2018-06-08 20:48:32,"RT @nytimes: The Justice Department seized a Times reporter‚Äôs phone and email records, its first known use of such an aggressive tactic und‚Ä¶",59
487,0.34,0.0,0.0,0.118,@nytimes,2018-06-08 20:48:26,RT @robbystarbuck: Think of the implications if major media organizations tacitly approve of reporters sleeping with security and intellige‚Ä¶,60
488,0.0,0.0,0.0,0.0,@nytimes,2018-06-08 20:48:25,@jamestrumpster1 @amazingfavors @JackPosobiec @nytimes @DNC üòÇüòÇ,61
489,-0.6705,0.148,0.148,0.0,@nytimes,2018-06-08 20:48:24,"RT @nytimes: Suicide rates rose steadily in nearly every state in the U.S. from 1999 to 2016, often by as much as 30 percent, the CDC repor‚Ä¶",62
490,0.0,0.0,0.0,0.0,@nytimes,2018-06-08 20:48:24,"RT @nytimes: Suicides may beget other suicides, researchers have found, but only among those already contemplating taking their own lives h‚Ä¶",63
491,0.0,0.0,0.0,0.0,@nytimes,2018-06-08 20:48:21,"RT @nytimes: Suicides may beget other suicides, researchers have found, but only among those already contemplating taking their own lives h‚Ä¶",64
492,0.0,0.0,0.0,0.0,@nytimes,2018-06-08 20:48:20,"RT @nytimes: Suicides may beget other suicides, researchers have found, but only among those already contemplating taking their own lives h‚Ä¶",65
493,-0.3612,0.294,0.294,0.0,@nytimes,2018-06-08 20:48:20,@nytimes This headline is ridiculous. ‚ÄúBut only‚Äù?,66
494,0.0,0.0,0.0,0.0,@nytimes,2018-06-08 20:48:19,"RT @nytimes: Suicides may beget other suicides, researchers have found, but only among those already contemplating taking their own lives h‚Ä¶",67
495,-0.4404,0.195,0.195,0.0,@nytimes,2018-06-08 20:48:18,"RT @maggieNYT: With Mueller Closing In, Manafort‚Äôs Allies Abandon Him   via @NYTimes https://t.co/W0K3dxh2N2",68
496,0.0,0.0,0.0,0.0,@nytimes,2018-06-08 20:48:17,RT @GcReforms: Tw4/4 @FoxNews @CNN @ABC @politico @seattletimes @nytimes  @business @thehill @NBCNews  @CNBC @ajc @HuffPost @washingtonpost‚Ä¶,69
497,0.0,0.0,0.0,0.0,@nytimes,2018-06-08 20:48:15,@peerlux @CharlesMichel @Prof_TGSchulze @libe @ScotNational @faznet @guardian @SZ @BILD @DerSPIEGEL @Le_Figaro‚Ä¶ https://t.co/5NC5JW011I,70
498,-0.0258,0.135,0.135,0.131,@nytimes,2018-06-08 20:48:14,"RT @prayingmedic: @nytimes Deep state media in panic?
They have it all.
Snowball is rolling. 
D5 coming.
Enjoy the show.",71
499,0.0,0.0,0.0,0.0,@nytimes,2018-06-08 20:48:13,RT @GcReforms: Tw4/4 @FoxNews @CNN @ABC @politico @seattletimes @nytimes  @business @thehill @NBCNews  @CNBC @ajc @HuffPost @washingtonpost‚Ä¶,72
500,0.5423,0.088,0.088,0.216,@nytimes,2018-06-08 20:48:11,And so today Donald Trump is going to hand you niggas breadcrumbs by pardoning all your homeboys. Then bow down to‚Ä¶ https://t.co/7KjUsMyLF9,73
501,0.8442,0.0,0.0,0.603,@nytimes,2018-06-08 20:48:10,"@ChristinaMaroc @LouiseBagshawe @patribotics @nytimes @washingtonpost Wow, I certainly hope SO.",74
502,0.0,0.0,0.0,0.0,@nytimes,2018-06-08 20:48:10,"RT @nytimes: 2 years ago, we asked Anthony Bourdain to answer a series of questions. He sketched his answers, with a Sharpie and a ballpoin‚Ä¶",75
503,0.0,0.0,0.0,0.0,@nytimes,2018-06-08 20:48:09,"RT @nytimes: Suicides may beget other suicides, researchers have found, but only among those already contemplating taking their own lives h‚Ä¶",76
504,-0.6808,0.26,0.26,0.081,@nytimes,2018-06-08 20:48:09,@nytimes Kate‚Äôs sister said she couldn‚Äôt stop thinking of the way Robin Williams committed suicide and then she did‚Ä¶ https://t.co/jaie6WTb03,77
505,0.3885,0.13,0.13,0.247,@nytimes,2018-06-08 20:48:07,@nytimes EPA NO LONGER A PROTECTION AGENCY NOW FUNNELS FUNDS TO FAVOR BUSINESSES &amp; LOBBYISTS REPEALING PROTECTIONS‚Ä¶ https://t.co/pZnl44Pz0H,78
506,0.0,0.0,0.0,0.0,@nytimes,2018-06-08 20:48:06,Documentaire van @nytimes gekeken op @canvas Zo goed! #TheFourthEstate https://t.co/r6coyDbZNg,79
507,0.1027,0.0,0.0,0.167,@nytimes,2018-06-08 20:48:01,"RT @FaudaNetflix: ""[A] gritty, naturalistic thriller"" ‚Äî @nytimes https://t.co/mtxwiQxAHe",80
508,-0.5267,0.167,0.167,0.0,@nytimes,2018-06-08 20:47:59,RT @nytimes: A lost John Coltrane recording from 1963 will be released for the first time in June. His classic quartet cut the album 2 year‚Ä¶,81
509,-0.2732,0.1,0.1,0.0,@nytimes,2018-06-08 20:47:58,"RT @nytimes: Breaking News: Paul Manafort, the former Trump campaign chairman, faces new obstruction charges in the Russia case. Manafort‚Äôs‚Ä¶",82
510,0.0,0.0,0.0,0.0,@nytimes,2018-06-08 20:47:57,"RT @nytimes: Suicides may beget other suicides, researchers have found, but only among those already contemplating taking their own lives h‚Ä¶",83
511,0.0,0.0,0.0,0.0,@nytimes,2018-06-08 20:47:57,@GarethPorter @nytimes  Can South Koreans say that about Donald Trump?  Can Americans?,84
512,-0.4767,0.279,0.279,0.0,@nytimes,2018-06-08 20:47:51,The Price of an Incompetent President   via @NYTimes https://t.co/WVOUtCN8We,85
513,-0.0258,0.094,0.094,0.089,@nytimes,2018-06-08 20:47:51,@purplerainmaybe @nytimes Social isolation feels like it should be a major reason. But you can't get more tradition‚Ä¶ https://t.co/L63UzNEOzF,86
514,0.0,0.0,0.0,0.0,@nytimes,2018-06-08 20:47:49,@JohnRLottJr @cashbrittany23 @nytimes #Sextrafficing,87
515,-0.128,0.067,0.067,0.0,@nytimes,2018-06-08 20:47:48,"RT @nytimes: ""Anthony Bourdain entered the literary stage with an inside tip, delivered in the gruff whisper of a racetrack tout: Don‚Äôt ord‚Ä¶",88
516,0.7351,0.0,0.0,0.237,@nytimes,2018-06-08 20:47:46,"RT @JohnRLottJr: Wow, is this an admission of how @aliwatkins viewed her relationship with James Wolfe, the former security director for th‚Ä¶",89
517,0.3818,0.0,0.0,0.11,@nytimes,2018-06-08 20:47:44,"RT @vanessahistory: Dear @nytimes, when planning your next puff piece about financial aid at Princeton etc. and 'how you don't actually hav‚Ä¶",90
518,0.4199,0.0,0.0,0.358,@nytimes,2018-06-08 20:47:44,@AlexKleeman @nytimes Thank you so much!,91
519,0.0,0.0,0.0,0.0,@nytimes,2018-06-08 20:47:43,RT @GcReforms: Tw4/4 @FoxNews @CNN @ABC @politico @seattletimes @nytimes  @business @thehill @NBCNews  @CNBC @ajc @HuffPost @washingtonpost‚Ä¶,92
520,0.0,0.0,0.0,0.0,@nytimes,2018-06-08 20:47:42,"RT @nytimes: 2 years ago, we asked Anthony Bourdain to answer a series of questions. He sketched his answers, with a Sharpie and a ballpoin‚Ä¶",93
521,0.34,0.0,0.0,0.118,@nytimes,2018-06-08 20:47:37,RT @robbystarbuck: Think of the implications if major media organizations tacitly approve of reporters sleeping with security and intellige‚Ä¶,94
522,0.34,0.0,0.0,0.103,@nytimes,2018-06-08 20:47:36,"@nytimes Do you believe what he says. He could easily make up the size of the operation...it was a bi operation, th‚Ä¶ https://t.co/NYeTS9r6E2",95
523,0.0,0.0,0.0,0.0,@nytimes,2018-06-08 20:47:36,"RT @nytimes: Suicides may beget other suicides, researchers have found, but only among those already contemplating taking their own lives h‚Ä¶",96
524,-0.4767,0.205,0.205,0.0,@nytimes,2018-06-08 20:47:35,RT @pressfreedom: CPJ: Data seizure from @NYTimes reporter @AliWatkins sets dangerous precedent https://t.co/QCdK0yIPwH,97
525,0.3612,0.0,0.0,0.135,@nytimes,2018-06-08 20:47:34,"@nytimes @pete_wells I guess, like many of us, he couldn't stand to see the Cavs go down again.",98
526,-0.875,0.31,0.31,0.0,@nytimes,2018-06-08 20:47:34,"RT @nytimes: If you or someone else you know is having thoughts of suicide, call the National Suicide Prevention Lifeline at 1-800-273-8255‚Ä¶",99
527,-0.128,0.067,0.067,0.0,@nytimes,2018-06-08 20:47:32,"RT @nytimes: ""Anthony Bourdain entered the literary stage with an inside tip, delivered in the gruff whisper of a racetrack tout: Don‚Äôt ord‚Ä¶",100
